Workbook

Sheet CEP-PEN
A1: U2: Ниже Вы увидите ситуации при чистке ковров. Отметьте, пожалуйста, те ситуации, с которыми Вы сталкивались при чистке ковров, за последние 3 месяца.
B2: % по столбцу
A3: Проводил(а) повседневную уборку | B3: 0.411
A4: Проводил(а) генеральную уборку | B4: 0.406
A5: Чистил(а) ковровые поверхности с коротким ворсом | B5: 0.333
A6: Чистил(а) шерсть от домашних животных на ковре/ковровых покрытиях/мягкой мебели | B6: 0.292
A7: Убирался(ась) перед приходом гостей | B7: 0.289
A8: Убирался(ась) после гостей | B8: 0.286
A9: Убирал(а) легкие пятна на ковре/ковровых покрытиях/мягкой мебели | B9: 0.284
A10: Дома были животные | B10: 0.278
A11: Проводил(а) легкую гигиеническую чистку ковра/ковровых покрытий/мягкой мебели | B11: 0.269
A12: Хотел(а) почувствовать себя более комфортно дома | B12: 0.259
A13: Сталкивался(ась) с проблемой плохого внешнего вида ковра/ковровых покрытий (несвежий / затоптанный) | B13: 0.197
A14: Чистил(а) автомобильные кресла | B14: 0.187
... A31: Ничего из перечисленного | B31: 0.13

Sheet CEP-COUNTS
B1: BRAND | C1: BRAND | D1: BRAND | E1: BRAND | F1: BRAND | G1: BRAND | H1: BRAND | I1: BRAND | J1: BRAND | K1: BRAND | L1: BRAND | M1: BRAND
A2: U1_1: Убирает въевшиеся пятна на ковре/ковровых покрытиях/мягкой мебели | B2: 424 | C2: 146 | D2: 137 | E2: 1075 | F2: 139 | G2: 167 | H2: 94 | I2: 67 | J2: 90 | K2: 57 | L2: 65 | M2: 85
A3: U1_2: Убирает легкие пятна на ковре/ковровых покрытиях/мягкой мебели | B3: 493 | C3: 256 | D3: 185 | E3: 1139 | F3: 284 | G3: 207 | H3: 107 | I3: 115 | J3: 111 | K3: 118 | L3: 98 | M3: 133
A4: U1_3: Избавляет от бактерий / вирусов / микробов на ковре/ковролине и мягкой мебели | B4: 436 | C4: 196 | D4: 168 | E4: 774 | F4: 186 | G4: 191 | H4: 180 | I4: 91 | J4: 367 | K4: 83 | L4: 82 | M4: 121
A5: U1_4: Убирает неприятные запахи с ковров и ковровых покрытий, мягкой мебели | B5: 505 | C5: 260 | D5: 185 | E5: 1075 | F5: 195 | G5: 189 | H5: 137 | I5: 132 | J5: 177 | K5: 112 | L5: 73 | M5: 117
A6: U1_5: Подходит для ковров и ковровых покрытий, мягкой мебели из деликатных материалов | B6: 505 | C6: 221 | D6: 139 | E6: 979 | F6: 167 | G6: 181 | H6: 92 | I6: 93 | J6: 89 | K6: 88 | L6: 59 | M6: 81
A7: U1_6: Придает ковру/ковровому покрытию хороший внешний вид (свежий, незатоптанный) | B7: 431 | C7: 186 | D7: 160 | E7: 1080 | F7: 157 | G7: 190 | H7: 94 | I7: 78 | J7: 96 | K7: 84 | L7: 54 | M7: 89
A8: U1_7: Устраняет следы от лап домашних животных на ковре/ковровых покрытиях/мягкой мебели | B8: 385 | C8: 160 | D8: 155 | E8: 838 | F8: 183 | G8: 165 | H8: 101 | I8: 76 | J8: 113 | K8: 88 | L8: 65 | M8: 82
A9: U1_8: Устраняет шерсть от домашних животных на ковре/ковровых покрытиях/мягкой мебели | B9: 297 | C9: 121 | D9: 112 | E9: 604 | F9: 121 | G9: 131 | H9: 79 | I9: 67 | J9: 76 | K9: 68 | L9: 44 | M9: 69
A10: U1_9: Чтобы защитить себя и близких от болезней, вызванных вирусами, микробами и бактериями | B10: 459 | C10: 208 | D10: 196 | E10: 692 | F10: 193 | G10: 139 | H10: 201 | I10: 99 | J10: 415 | K10: 107 | L10: 80 | M10: 125
A11: U1_10: Помогает избавиться от пластилина, слаймов, краски на ковре/ковровых покрытиях/мягкой мебели | B11: 204 | C11: 82 | D11: 81 | E11: 314 | F11: 61 | G11: 69 | H11: 42 | I11: 29 | J11: 53 | K11: 36 | L11: 24 | M11: 43
A12: U1_11: Подходит для легкой гигиенической чистки ковра/коврового покрытия/мягкой мебели | B12: 468 | C12: 249 | D12: 169 | E12: 987 | F12: 283 | G12: 179 | H12: 128 | I12: 112 | J12: 140 | K12: 119 | L12: 77 | M12: 126
A13: U1_12: Подходит для уборки, когда дома есть грудничковые дети | B13: 271 | C13: 115 | D13: 65 | E13: 269 | F13: 68 | G13: 34 | H13: 59 | I13: 30 | J13: 96 | K13: 45 | L13: 27 | M13: 29
... A30: База | B30: 1669 | C30: 1669 | D30: 1669 | E30: 1669 | F30: 1669 | G30: 1669 | H30: 1669 | I30: 1669 | J30: 1669 | K30: 1669 | L30: 1669 | M30: 1669

Sheet CEP-%
B1: BRAND | C1: BRAND | D1: BRAND | E1: BRAND | F1: BRAND | G1: BRAND | H1: BRAND | I1: BRAND | J1: BRAND | K1: BRAND | L1: BRAND | M1: BRAND | N1: SUM
A2: U1_1: Убирает въевшиеся пятна на ковре/ковровых покрытиях/мягкой мебели | B2: ='CEP-COUNTS'!B2/1669*100 -> 25.404434 | C2: ='CEP-COUNTS'!C2/1669*100 -> 8.7477531 | D2: ='CEP-COUNTS'!D2/1669*100 -> 8.2085081 | E2: ='CEP-COUNTS'!E2/1669*100 -> 64.409826 | F2: ='CEP-COUNTS'!F2/1669*100 -> 8.3283403 | G2: ='CEP-COUNTS'!G2/1669*100 -> 10.005992 | H2: ='CEP-COUNTS'!H2/1669*100 -> 5.632115 | I2: ='CEP-COUNTS'!I2/1669*100 -> 4.0143799 | ... M2: ='CEP-COUNTS'!M2/1669*100 -> 5.09287 | N2: =SUM(B2:M2) -> 152.54643
A3: U1_2: Убирает легкие пятна на ковре/ковровых покрытиях/мягкой мебели | B3: ='CEP-COUNTS'!B3/1669*100 -> 29.538646 | C3: ='CEP-COUNTS'!C3/1669*100 -> 15.338526 | D3: ='CEP-COUNTS'!D3/1669*100 -> 11.084482 | E3: ='CEP-COUNTS'!E3/1669*100 -> 68.244458 | F3: ='CEP-COUNTS'!F3/1669*100 -> 17.016177 | G3: ='CEP-COUNTS'!G3/1669*100 -> 12.402636 | H3: ='CEP-COUNTS'!H3/1669*100 -> 6.4110246 | I3: ='CEP-COUNTS'!I3/1669*100 -> 6.8903535 | ... M3: ='CEP-COUNTS'!M3/1669*100 -> 7.9688436 | N3: =SUM(B3:M3) -> 194.48772
A4: U1_3: Избавляет от бактерий / вирусов / микробов на ковре/ковролине и мягкой мебели | B4: ='CEP-COUNTS'!B4/1669*100 -> 26.123427 | C4: ='CEP-COUNTS'!C4/1669*100 -> 11.743559 | D4: ='CEP-COUNTS'!D4/1669*100 -> 10.065908 | E4: ='CEP-COUNTS'!E4/1669*100 -> 46.375075 | F4: ='CEP-COUNTS'!F4/1669*100 -> 11.144398 | G4: ='CEP-COUNTS'!G4/1669*100 -> 11.443978 | H4: ='CEP-COUNTS'!H4/1669*100 -> 10.784901 | I4: ='CEP-COUNTS'!I4/1669*100 -> 5.4523667 | ... M4: ='CEP-COUNTS'!M4/1669*100 -> 7.2498502 | N4: =SUM(B4:M4) -> 172.25884
A5: U1_4: Убирает неприятные запахи с ковров и ковровых покрытий, мягкой мебели | B5: ='CEP-COUNTS'!B5/1669*100 -> 30.257639 | C5: ='CEP-COUNTS'!C5/1669*100 -> 15.578191 | D5: ='CEP-COUNTS'!D5/1669*100 -> 11.084482 | E5: ='CEP-COUNTS'!E5/1669*100 -> 64.409826 | F5: ='CEP-COUNTS'!F5/1669*100 -> 11.683643 | G5: ='CEP-COUNTS'!G5/1669*100 -> 11.324146 | H5: ='CEP-COUNTS'!H5/1669*100 -> 8.2085081 | I5: ='CEP-COUNTS'!I5/1669*100 -> 7.9089275 | ... M5: ='CEP-COUNTS'!M5/1669*100 -> 7.0101857 | N5: =SUM(B5:M5) -> 189.15518
A6: U1_5: Подходит для ковров и ковровых покрытий, мягкой мебели из деликатных материалов | B6: ='CEP-COUNTS'!B6/1669*100 -> 30.257639 | C6: ='CEP-COUNTS'!C6/1669*100 -> 13.241462 | D6: ='CEP-COUNTS'!D6/1669*100 -> 8.3283403 | E6: ='CEP-COUNTS'!E6/1669*100 -> 58.657879 | F6: ='CEP-COUNTS'!F6/1669*100 -> 10.005992 | G6: ='CEP-COUNTS'!G6/1669*100 -> 10.844817 | H6: ='CEP-COUNTS'!H6/1669*100 -> 5.5122828 | I6: ='CEP-COUNTS'!I6/1669*100 -> 5.5721989 | ... M6: ='CEP-COUNTS'!M6/1669*100 -> 4.8532055 | N6: =SUM(B6:M6) -> 161.41402
A7: U1_6: Придает ковру/ковровому покрытию хороший внешний вид (свежий, незатоптанный) | B7: ='CEP-COUNTS'!B7/1669*100 -> 25.823847 | C7: ='CEP-COUNTS'!C7/1669*100 -> 11.144398 | D7: ='CEP-COUNTS'!D7/1669*100 -> 9.5865788 | E7: ='CEP-COUNTS'!E7/1669*100 -> 64.709407 | F7: ='CEP-COUNTS'!F7/1669*100 -> 9.4068304 | G7: ='CEP-COUNTS'!G7/1669*100 -> 11.384062 | H7: ='CEP-COUNTS'!H7/1669*100 -> 5.632115 | I7: ='CEP-COUNTS'!I7/1669*100 -> 4.6734572 | ... M7: ='CEP-COUNTS'!M7/1669*100 -> 5.3325345 | N7: =SUM(B7:M7) -> 161.7136
A8: U1_7: Устраняет следы от лап домашних животных на ковре/ковровых покрытиях/мягкой мебели | B8: ='CEP-COUNTS'!B8/1669*100 -> 23.067705 | C8: ='CEP-COUNTS'!C8/1669*100 -> 9.5865788 | D8: ='CEP-COUNTS'!D8/1669*100 -> 9.2869982 | E8: ='CEP-COUNTS'!E8/1669*100 -> 50.209706 | F8: ='CEP-COUNTS'!F8/1669*100 -> 10.964649 | G8: ='CEP-COUNTS'!G8/1669*100 -> 9.8861594 | H8: ='CEP-COUNTS'!H8/1669*100 -> 6.0515279 | I8: ='CEP-COUNTS'!I8/1669*100 -> 4.5536249 | ... M8: ='CEP-COUNTS'!M8/1669*100 -> 4.9131216 | N8: =SUM(B8:M8) -> 144.45776
A9: U1_8: Устраняет шерсть от домашних животных на ковре/ковровых покрытиях/мягкой мебели | B9: ='CEP-COUNTS'!B9/1669*100 -> 17.795087 | C9: ='CEP-COUNTS'!C9/1669*100 -> 7.2498502 | D9: ='CEP-COUNTS'!D9/1669*100 -> 6.7106052 | E9: ='CEP-COUNTS'!E9/1669*100 -> 36.189335 | F9: ='CEP-COUNTS'!F9/1669*100 -> 7.2498502 | G9: ='CEP-COUNTS'!G9/1669*100 -> 7.8490114 | H9: ='CEP-COUNTS'!H9/1669*100 -> 4.7333733 | I9: ='CEP-COUNTS'!I9/1669*100 -> 4.0143799 | ... M9: ='CEP-COUNTS'!M9/1669*100 -> 4.1342121 | N9: =SUM(B9:M9) -> 107.18993
A10: U1_9: Чтобы защитить себя и близких от болезней, вызванных вирусами, микробами и бактериями | B10: ='CEP-COUNTS'!B10/1669*100 -> 27.501498 | C10: ='CEP-COUNTS'!C10/1669*100 -> 12.462552 | D10: ='CEP-COUNTS'!D10/1669*100 -> 11.743559 | E10: ='CEP-COUNTS'!E10/1669*100 -> 41.461953 | F10: ='CEP-COUNTS'!F10/1669*100 -> 11.563811 | G10: ='CEP-COUNTS'!G10/1669*100 -> 8.3283403 | H10: ='CEP-COUNTS'!H10/1669*100 -> 12.04314 | I10: ='CEP-COUNTS'!I10/1669*100 -> 5.9316956 | ... M10: ='CEP-COUNTS'!M10/1669*100 -> 7.4895147 | N10: =SUM(B10:M10) -> 174.59557
A11: U1_10: Помогает избавиться от пластилина, слаймов, краски на ковре/ковровых покрытиях/мягкой мебели | B11: ='CEP-COUNTS'!B11/1669*100 -> 12.222888 | C11: ='CEP-COUNTS'!C11/1669*100 -> 4.9131216 | D11: ='CEP-COUNTS'!D11/1669*100 -> 4.8532055 | E11: ='CEP-COUNTS'!E11/1669*100 -> 18.813661 | F11: ='CEP-COUNTS'!F11/1669*100 -> 3.6548832 | G11: ='CEP-COUNTS'!G11/1669*100 -> 4.1342121 | H11: ='CEP-COUNTS'!H11/1669*100 -> 2.5164769 | I11: ='CEP-COUNTS'!I11/1669*100 -> 1.7375674 | ... M11: ='CEP-COUNTS'!M11/1669*100 -> 2.576393 | N11: =SUM(B11:M11) -> 62.19293
A12: U1_11: Подходит для легкой гигиенической чистки ковра/коврового покрытия/мягкой мебели | B12: ='CEP-COUNTS'!B12/1669*100 -> 28.040743 | C12: ='CEP-COUNTS'!C12/1669*100 -> 14.919113 | D12: ='CEP-COUNTS'!D12/1669*100 -> 10.125824 | E12: ='CEP-COUNTS'!E12/1669*100 -> 59.137208 | F12: ='CEP-COUNTS'!F12/1669*100 -> 16.956261 | G12: ='CEP-COUNTS'!G12/1669*100 -> 10.724985 | H12: ='CEP-COUNTS'!H12/1669*100 -> 7.669263 | I12: ='CEP-COUNTS'!I12/1669*100 -> 6.7106052 | ... M12: ='CEP-COUNTS'!M12/1669*100 -> 7.5494308 | N12: =SUM(B12:M12) -> 181.96525
A13: U1_12: Подходит для уборки, когда дома есть грудничковые дети | B13: ='CEP-COUNTS'!B13/1669*100 -> 16.237268 | C13: ='CEP-COUNTS'!C13/1669*100 -> 6.8903535 | D13: ='CEP-COUNTS'!D13/1669*100 -> 3.8945476 | E13: ='CEP-COUNTS'!E13/1669*100 -> 16.117436 | F13: ='CEP-COUNTS'!F13/1669*100 -> 4.074296 | G13: ='CEP-COUNTS'!G13/1669*100 -> 2.037148 | H13: ='CEP-COUNTS'!H13/1669*100 -> 3.5350509 | I13: ='CEP-COUNTS'!I13/1669*100 -> 1.7974835 | ... M13: ='CEP-COUNTS'!M13/1669*100 -> 1.7375674 | N13: =SUM(B13:M13) -> 66.387058
... A29: U1_28: Подходит для чистки автомобильных кресел | B29: ='CEP-COUNTS'!B29/1669*100 -> 25.76393 | C29: ='CEP-COUNTS'!C29/1669*100 -> 11.024566 | D29: ='CEP-COUNTS'!D29/1669*100 -> 13.42121 | E29: ='CEP-COUNTS'!E29/1669*100 -> 45.296585 | F29: ='CEP-COUNTS'!F29/1669*100 -> 8.6279209 | G29: ='CEP-COUNTS'!G29/1669*100 -> 7.4895147 | H29: ='CEP-COUNTS'!H29/1669*100 -> 7.669263 | I29: ='CEP-COUNTS'!I29/1669*100 -> 4.2540443 | ... M29: ='CEP-COUNTS'!M29/1669*100 -> 5.3325345 | N29: =SUM(B29:M29) -> 145.29658
A30: SUM | B30: =SUM(B2:B29) -> 738.46615 | C30: =SUM(C2:C29) -> 339.96405 | D30: =SUM(D2:D29) -> 274.7154 | E30: =SUM(E2:E29) -> 1381.6058 | F30: =SUM(F2:F29) -> 335.88975 | G30: =SUM(G2:G29) -> 262.19293 | H30: =SUM(H2:H29) -> 198.5021 | I30: =SUM(I2:I29) -> 157.27981 | ... M30: =SUM(M2:M29) -> 172.67825 | N30: =SUM(B30:M30) -> 4390.4134

Sheet CEP - Expected %
B1: BRAND | C1: BRAND | D1: BRAND | E1: BRAND | F1: BRAND | G1: BRAND | H1: BRAND | I1: BRAND | J1: BRAND | K1: BRAND | L1: BRAND | M1: BRAND | N1: SUM
A2: U1_1: Убирает въевшиеся пятна на ковре/ковровых покрытиях/мягкой мебели | B2: =B$30*$N2/$N$30 -> 25.658262 | C2: =C$30*$N2/$N$30 -> 11.812169 | D2: =D$30*$N2/$N$30 -> 9.5450817 | E2: =E$30*$N2/$N$30 -> 48.00437 | F2: =F$30*$N2/$N$30 -> 11.670606 | G2: =G$30*$N2/$N$30 -> 9.1099842 | H2: =H$30*$N2/$N$30 -> 6.8970241 | I2: =I$30*$N2/$N$30 -> 5.4647414 | ... M2: =M$30*$N2/$N$30 -> 5.9997656 | N2: 152.54643
A3: U1_2: Убирает легкие пятна на ковре/ковровых покрытиях/мягкой мебели | B3: =B$30*$N3/$N$30 -> 32.712772 | C3: =C$30*$N3/$N$30 -> 15.059819 | D3: =D$30*$N3/$N$30 -> 12.169417 | E3: =E$30*$N3/$N$30 -> 61.202744 | F3: =F$30*$N3/$N$30 -> 14.879335 | G3: =G$30*$N3/$N$30 -> 11.614693 | H3: =H$30*$N3/$N$30 -> 8.7932994 | I3: =I$30*$N3/$N$30 -> 6.9672233 | ... M3: =M$30*$N3/$N$30 -> 7.6493477 | N3: 194.48772
A4: U1_3: Избавляет от бактерий / вирусов / микробов на ковре/ковролине и мягкой мебели | B4: =B$30*$N4/$N$30 -> 28.973882 | C4: =C$30*$N4/$N$30 -> 13.338564 | D4: =D$30*$N4/$N$30 -> 10.778519 | E4: =E$30*$N4/$N$30 -> 54.207606 | F4: =F$30*$N4/$N$30 -> 13.178708 | G4: =G$30*$N4/$N$30 -> 10.287197 | H4: =H$30*$N4/$N$30 -> 7.7882735 | I4: =I$30*$N4/$N$30 -> 6.1709079 | ... M4: =M$30*$N4/$N$30 -> 6.7750692 | N4: 172.25884
A5: U1_4: Убирает неприятные запахи с ковров и ковровых покрытий, мягкой мебели | B5: =B$30*$N5/$N$30 -> 31.815842 | C5: =C$30*$N5/$N$30 -> 14.646904 | D5: =D$30*$N5/$N$30 -> 11.835751 | E5: =E$30*$N5/$N$30 -> 59.524665 | F5: =F$30*$N5/$N$30 -> 14.471368 | G5: =G$30*$N5/$N$30 -> 11.296237 | H5: =H$30*$N5/$N$30 -> 8.5522015 | I5: =I$30*$N5/$N$30 -> 6.7761935 | ... M5: =M$30*$N5/$N$30 -> 7.4396151 | N5: 189.15518
A6: U1_5: Подходит для ковров и ковровых покрытий, мягкой мебели из деликатных материалов | B6: =B$30*$N6/$N$30 -> 27.149787 | C6: =C$30*$N6/$N$30 -> 12.498815 | D6: =D$30*$N6/$N$30 -> 10.099941 | E6: =E$30*$N6/$N$30 -> 50.794884 | F6: =F$30*$N6/$N$30 -> 12.349023 | G6: =G$30*$N6/$N$30 -> 9.6395512 | H6: =H$30*$N6/$N$30 -> 7.2979509 | I6: =I$30*$N6/$N$30 -> 5.782409 | ... M6: =M$30*$N6/$N$30 -> 6.3485344 | N6: 161.41402
A7: U1_6: Придает ковру/ковровому покрытию хороший внешний вид (свежий, незатоптанный) | B7: =B$30*$N7/$N$30 -> 27.200176 | C7: =C$30*$N7/$N$30 -> 12.522012 | D7: =D$30*$N7/$N$30 -> 10.118686 | E7: =E$30*$N7/$N$30 -> 50.889158 | F7: =F$30*$N7/$N$30 -> 12.371942 | G7: =G$30*$N7/$N$30 -> 9.657442 | H7: =H$30*$N7/$N$30 -> 7.3114957 | I7: =I$30*$N7/$N$30 -> 5.793141 | ... M7: =M$30*$N7/$N$30 -> 6.3603171 | N7: 161.7136
A8: U1_7: Устраняет следы от лап домашних животных на ковре/ковровых покрытиях/мягкой мебели | B8: =B$30*$N8/$N$30 -> 24.297749 | C8: =C$30*$N8/$N$30 -> 11.185836 | D8: =D$30*$N8/$N$30 -> 9.0389599 | E8: =E$30*$N8/$N$30 -> 45.45897 | F8: =F$30*$N8/$N$30 -> 11.05178 | G8: =G$30*$N8/$N$30 -> 8.6269332 | H8: =H$30*$N8/$N$30 -> 6.5313139 | I8: =I$30*$N8/$N$30 -> 5.174977 | ... M8: =M$30*$N8/$N$30 -> 5.6816319 | N8: 144.45776
A9: U1_8: Устраняет шерсть от домашних животных на ковре/ковровых покрытиях/мягкой мебели | B9: =B$30*$N9/$N$30 -> 18.029313 | C9: =C$30*$N9/$N$30 -> 8.3000667 | D9: =D$30*$N9/$N$30 -> 6.7070507 | E9: =E$30*$N9/$N$30 -> 33.731272 | F9: =F$30*$N9/$N$30 -> 8.2005946 | G9: =G$30*$N9/$N$30 -> 6.4013204 | H9: =H$30*$N9/$N$30 -> 4.8463378 | I9: =I$30*$N9/$N$30 -> 3.8399145 | ... M9: =M$30*$N9/$N$30 -> 4.2158604 | N9: 107.18993
A10: U1_9: Чтобы защитить себя и близких от болезней, вызванных вирусами, микробами и бактериями | B10: =B$30*$N10/$N$30 -> 29.366919 | C10: =C$30*$N10/$N$30 -> 13.519505 | D10: =D$30*$N10/$N$30 -> 10.924732 | E10: =E$30*$N10/$N$30 -> 54.942944 | F10: =F$30*$N10/$N$30 -> 13.357481 | G10: =G$30*$N10/$N$30 -> 10.426745 | H10: =H$30*$N10/$N$30 -> 7.8939231 | I10: =I$30*$N10/$N$30 -> 6.2546176 | ... M10: =M$30*$N10/$N$30 -> 6.8669745 | N10: 174.59557
A11: U1_10: Помогает избавиться от пластилина, слаймов, краски на ковре/ковровых покрытиях/мягкой мебели | B11: =B$30*$N11/$N$30 -> 10.460831 | C11: =C$30*$N11/$N$30 -> 4.8158017 | D11: =D$30*$N11/$N$30 -> 3.8915141 | E11: =E$30*$N11/$N$30 -> 19.571303 | F11: =F$30*$N11/$N$30 -> 4.7580868 | G11: =G$30*$N11/$N$30 -> 3.7141255 | H11: =H$30*$N11/$N$30 -> 2.8119054 | I11: =I$30*$N11/$N$30 -> 2.2279661 | ... M11: =M$30*$N11/$N$30 -> 2.4460945 | N11: 62.19293
A12: U1_11: Подходит для легкой гигиенической чистки ковра/коврового покрытия/мягкой мебели | B12: =B$30*$N12/$N$30 -> 30.606497 | C12: =C$30*$N12/$N$30 -> 14.090164 | D12: =D$30*$N12/$N$30 -> 11.385865 | E12: =E$30*$N12/$N$30 -> 57.262087 | F12: =F$30*$N12/$N$30 -> 13.9213 | G12: =G$30*$N12/$N$30 -> 10.866859 | H12: =H$30*$N12/$N$30 -> 8.2271258 | I12: =I$30*$N12/$N$30 -> 6.5186252 | ... M12: =M$30*$N12/$N$30 -> 7.1568296 | N12: 181.96525
A13: U1_12: Подходит для уборки, когда дома есть грудничковые дети | B13: =B$30*$N13/$N$30 -> 11.166282 | C13: =C$30*$N13/$N$30 -> 5.1405667 | D13: =D$30*$N13/$N$30 -> 4.1539476 | E13: =E$30*$N13/$N$30 -> 20.89114 | F13: =F$30*$N13/$N$30 -> 5.0789597 | G13: =G$30*$N13/$N$30 -> 3.9645964 | H13: =H$30*$N13/$N$30 -> 3.0015329 | I13: =I$30*$N13/$N$30 -> 2.3782143 | ... M13: =M$30*$N13/$N$30 -> 2.6110528 | N13: 66.387058
... A29: U1_28: Подходит для чистки автомобильных кресел | B29: =B$30*$N29/$N$30 -> 24.43884 | C29: =C$30*$N29/$N$30 -> 11.250789 | D29: =D$30*$N29/$N$30 -> 9.0914466 | E29: =E$30*$N29/$N$30 -> 45.722937 | F29: =F$30*$N29/$N$30 -> 11.115954 | G29: =G$30*$N29/$N$30 -> 8.6770273 | H29: =H$30*$N29/$N$30 -> 6.5692394 | I29: =I$30*$N29/$N$30 -> 5.2050267 | ... M29: =M$30*$N29/$N$30 -> 5.7146236 | N29: 145.29658
A30: SUM | B30: 738.46615 | C30: 339.96405 | D30: 274.7154 | E30: 1381.6058 | F30: 335.88975 | G30: 262.19293 | H30: 198.5021 | I30: 157.27981 | J30: 245.65608 | K30: 161.77352 | L30: 121.68963 | M30: 172.67825 | N30: 4390.4134

Sheet CEP - Resid %
B1: BRAND | C1: BRAND | D1: BRAND | E1: BRAND | F1: BRAND | G1: BRAND | H1: BRAND | I1: BRAND | J1: BRAND | K1: BRAND | L1: BRAND | M1: BRAND
A2: U1_1: Убирает въевшиеся пятна на ковре/ковровых покрытиях/мягкой мебели | B2: ='CEP-%'!B2-'CEP - Expected %'!B2 -> -0.25382827 | C2: ='CEP-%'!C2-'CEP - Expected %'!C2 -> -3.0644155 | D2: ='CEP-%'!D2-'CEP - Expected %'!D2 -> -1.3365736 | E2: ='CEP-%'!E2-'CEP - Expected %'!E2 -> 16.405456 | F2: ='CEP-%'!F2-'CEP - Expected %'!F2 -> -3.3422655 | G2: ='CEP-%'!G2-'CEP - Expected %'!G2 -> 0.89600745 | H2: ='CEP-%'!H2-'CEP - Expected %'!H2 -> -1.2649091 | I2: ='CEP-%'!I2-'CEP - Expected %'!I2 -> -1.4503615 | ... M2: ='CEP-%'!M2-'CEP - Expected %'!M2 -> -0.90689564
A3: U1_2: Убирает легкие пятна на ковре/ковровых покрытиях/мягкой мебели | B3: ='CEP-%'!B3-'CEP - Expected %'!B3 -> -3.1741266 | C3: ='CEP-%'!C3-'CEP - Expected %'!C3 -> 0.27870692 | D3: ='CEP-%'!D3-'CEP - Expected %'!D3 -> -1.084935 | E3: ='CEP-%'!E3-'CEP - Expected %'!E3 -> 7.0417137 | F3: ='CEP-%'!F3-'CEP - Expected %'!F3 -> 2.1368425 | G3: ='CEP-%'!G3-'CEP - Expected %'!G3 -> 0.78794322 | H3: ='CEP-%'!H3-'CEP - Expected %'!H3 -> -2.3822748 | I3: ='CEP-%'!I3-'CEP - Expected %'!I3 -> -0.076869837 | ... M3: ='CEP-%'!M3-'CEP - Expected %'!M3 -> 0.31949593
A4: U1_3: Избавляет от бактерий / вирусов / микробов на ковре/ковролине и мягкой мебели | B4: ='CEP-%'!B4-'CEP - Expected %'!B4 -> -2.8504547 | C4: ='CEP-%'!C4-'CEP - Expected %'!C4 -> -1.5950054 | D4: ='CEP-%'!D4-'CEP - Expected %'!D4 -> -0.71261144 | E4: ='CEP-%'!E4-'CEP - Expected %'!E4 -> -7.8325311 | F4: ='CEP-%'!F4-'CEP - Expected %'!F4 -> -2.0343107 | G4: ='CEP-%'!G4-'CEP - Expected %'!G4 -> 1.1567811 | H4: ='CEP-%'!H4-'CEP - Expected %'!H4 -> 2.9966276 | I4: ='CEP-%'!I4-'CEP - Expected %'!I4 -> -0.71854123 | ... M4: ='CEP-%'!M4-'CEP - Expected %'!M4 -> 0.47478102
A5: U1_4: Убирает неприятные запахи с ковров и ковровых покрытий, мягкой мебели | B5: ='CEP-%'!B5-'CEP - Expected %'!B5 -> -1.5582025 | C5: ='CEP-%'!C5-'CEP - Expected %'!C5 -> 0.93128695 | D5: ='CEP-%'!D5-'CEP - Expected %'!D5 -> -0.75126958 | E5: ='CEP-%'!E5-'CEP - Expected %'!E5 -> 4.8851612 | F5: ='CEP-%'!F5-'CEP - Expected %'!F5 -> -2.787725 | G5: ='CEP-%'!G5-'CEP - Expected %'!G5 -> 0.02790896 | H5: ='CEP-%'!H5-'CEP - Expected %'!H5 -> -0.34369346 | I5: ='CEP-%'!I5-'CEP - Expected %'!I5 -> 1.132734 | ... M5: ='CEP-%'!M5-'CEP - Expected %'!M5 -> -0.42942937
A6: U1_5: Подходит для ковров и ковровых покрытий, мягкой мебели из деликатных материалов | B6: ='CEP-%'!B6-'CEP - Expected %'!B6 -> 3.1078522 | C6: ='CEP-%'!C6-'CEP - Expected %'!C6 -> 0.74264718 | D6: ='CEP-%'!D6-'CEP - Expected %'!D6 -> -1.7716008 | E6: ='CEP-%'!E6-'CEP - Expected %'!E6 -> 7.8629953 | F6: ='CEP-%'!F6-'CEP - Expected %'!F6 -> -2.3430312 | G6: ='CEP-%'!G6-'CEP - Expected %'!G6 -> 1.2052661 | H6: ='CEP-%'!H6-'CEP - Expected %'!H6 -> -1.7856681 | I6: ='CEP-%'!I6-'CEP - Expected %'!I6 -> -0.2102101 | ... M6: ='CEP-%'!M6-'CEP - Expected %'!M6 -> -1.4953289
A7: U1_6: Придает ковру/ковровому покрытию хороший внешний вид (свежий, незатоптанный) | B7: ='CEP-%'!B7-'CEP - Expected %'!B7 -> -1.3763299 | C7: ='CEP-%'!C7-'CEP - Expected %'!C7 -> -1.3776144 | D7: ='CEP-%'!D7-'CEP - Expected %'!D7 -> -0.53210755 | E7: ='CEP-%'!E7-'CEP - Expected %'!E7 -> 13.820249 | F7: ='CEP-%'!F7-'CEP - Expected %'!F7 -> -2.9651119 | G7: ='CEP-%'!G7-'CEP - Expected %'!G7 -> 1.7266203 | H7: ='CEP-%'!H7-'CEP - Expected %'!H7 -> -1.6793807 | I7: ='CEP-%'!I7-'CEP - Expected %'!I7 -> -1.1196839 | ... M7: ='CEP-%'!M7-'CEP - Expected %'!M7 -> -1.0277827
A8: U1_7: Устраняет следы от лап домашних животных на ковре/ковровых покрытиях/мягкой мебели | B8: ='CEP-%'!B8-'CEP - Expected %'!B8 -> -1.2300441 | C8: ='CEP-%'!C8-'CEP - Expected %'!C8 -> -1.5992573 | D8: ='CEP-%'!D8-'CEP - Expected %'!D8 -> 0.2480383 | E8: ='CEP-%'!E8-'CEP - Expected %'!E8 -> 4.7507367 | F8: ='CEP-%'!F8-'CEP - Expected %'!F8 -> -0.087130051 | G8: ='CEP-%'!G8-'CEP - Expected %'!G8 -> 1.2592262 | H8: ='CEP-%'!H8-'CEP - Expected %'!H8 -> -0.47978602 | I8: ='CEP-%'!I8-'CEP - Expected %'!I8 -> -0.62135212 | ... M8: ='CEP-%'!M8-'CEP - Expected %'!M8 -> -0.76851031
A9: U1_8: Устраняет шерсть от домашних животных на ковре/ковровых покрытиях/мягкой мебели | B9: ='CEP-%'!B9-'CEP - Expected %'!B9 -> -0.2342261 | C9: ='CEP-%'!C9-'CEP - Expected %'!C9 -> -1.0502165 | D9: ='CEP-%'!D9-'CEP - Expected %'!D9 -> 0.003554443 | E9: ='CEP-%'!E9-'CEP - Expected %'!E9 -> 2.4580629 | F9: ='CEP-%'!F9-'CEP - Expected %'!F9 -> -0.9507444 | G9: ='CEP-%'!G9-'CEP - Expected %'!G9 -> 1.447691 | H9: ='CEP-%'!H9-'CEP - Expected %'!H9 -> -0.11296456 | I9: ='CEP-%'!I9-'CEP - Expected %'!I9 -> 0.17446534 | ... M9: ='CEP-%'!M9-'CEP - Expected %'!M9 -> -0.081648343
A10: U1_9: Чтобы защитить себя и близких от болезней, вызванных вирусами, микробами и бактериями | B10: ='CEP-%'!B10-'CEP - Expected %'!B10 -> -1.8654211 | C10: ='CEP-%'!C10-'CEP - Expected %'!C10 -> -1.0569525 | D10: ='CEP-%'!D10-'CEP - Expected %'!D10 -> 0.81882689 | E10: ='CEP-%'!E10-'CEP - Expected %'!E10 -> -13.480991 | F10: ='CEP-%'!F10-'CEP - Expected %'!F10 -> -1.7936699 | G10: ='CEP-%'!G10-'CEP - Expected %'!G10 -> -2.0984051 | H10: ='CEP-%'!H10-'CEP - Expected %'!H10 -> 4.1492165 | I10: ='CEP-%'!I10-'CEP - Expected %'!I10 -> -0.322922 | ... M10: ='CEP-%'!M10-'CEP - Expected %'!M10 -> 0.6225402
A11: U1_10: Помогает избавиться от пластилина, слаймов, краски на ковре/ковровых покрытиях/мягкой мебели | B11: ='CEP-%'!B11-'CEP - Expected %'!B11 -> 1.7620568 | C11: ='CEP-%'!C11-'CEP - Expected %'!C11 -> 0.097319945 | D11: ='CEP-%'!D11-'CEP - Expected %'!D11 -> 0.96169146 | E11: ='CEP-%'!E11-'CEP - Expected %'!E11 -> -0.75764174 | F11: ='CEP-%'!F11-'CEP - Expected %'!F11 -> -1.1032036 | G11: ='CEP-%'!G11-'CEP - Expected %'!G11 -> 0.42008659 | H11: ='CEP-%'!H11-'CEP - Expected %'!H11 -> -0.29542842 | I11: ='CEP-%'!I11-'CEP - Expected %'!I11 -> -0.49039865 | ... M11: ='CEP-%'!M11-'CEP - Expected %'!M11 -> 0.1302985
A12: U1_11: Подходит для легкой гигиенической чистки ковра/коврового покрытия/мягкой мебели | B12: ='CEP-%'!B12-'CEP - Expected %'!B12 -> -2.5657543 | C12: ='CEP-%'!C12-'CEP - Expected %'!C12 -> 0.82894974 | D12: ='CEP-%'!D12-'CEP - Expected %'!D12 -> -1.2600414 | E12: ='CEP-%'!E12-'CEP - Expected %'!E12 -> 1.8751212 | F12: ='CEP-%'!F12-'CEP - Expected %'!F12 -> 3.0349612 | G12: ='CEP-%'!G12-'CEP - Expected %'!G12 -> -0.14187354 | H12: ='CEP-%'!H12-'CEP - Expected %'!H12 -> -0.55786275 | I12: ='CEP-%'!I12-'CEP - Expected %'!I12 -> 0.19197999 | ... M12: ='CEP-%'!M12-'CEP - Expected %'!M12 -> 0.39260119
A13: U1_12: Подходит для уборки, когда дома есть грудничковые дети | B13: ='CEP-%'!B13-'CEP - Expected %'!B13 -> 5.0709857 | C13: ='CEP-%'!C13-'CEP - Expected %'!C13 -> 1.7497868 | D13: ='CEP-%'!D13-'CEP - Expected %'!D13 -> -0.25939993 | E13: ='CEP-%'!E13-'CEP - Expected %'!E13 -> -4.7737044 | F13: ='CEP-%'!F13-'CEP - Expected %'!F13 -> -1.0046637 | G13: ='CEP-%'!G13-'CEP - Expected %'!G13 -> -1.9274484 | H13: ='CEP-%'!H13-'CEP - Expected %'!H13 -> 0.53351805 | I13: ='CEP-%'!I13-'CEP - Expected %'!I13 -> -0.58073073 | ... M13: ='CEP-%'!M13-'CEP - Expected %'!M13 -> -0.87348535
... A29: U1_28: Подходит для чистки автомобильных кресел | B29: ='CEP-%'!B29-'CEP - Expected %'!B29 -> 1.3250909 | C29: ='CEP-%'!C29-'CEP - Expected %'!C29 -> -0.22622349 | D29: ='CEP-%'!D29-'CEP - Expected %'!D29 -> 4.3297637 | E29: ='CEP-%'!E29-'CEP - Expected %'!E29 -> -0.42635245 | F29: ='CEP-%'!F29-'CEP - Expected %'!F29 -> -2.4880332 | G29: ='CEP-%'!G29-'CEP - Expected %'!G29 -> -1.1875127 | H29: ='CEP-%'!H29-'CEP - Expected %'!H29 -> 1.1000236 | I29: ='CEP-%'!I29-'CEP - Expected %'!I29 -> -0.95098234 | ... M29: ='CEP-%'!M29-'CEP - Expected %'!M29 -> -0.38208913

Sheet CEP - Analysis
B1: Penetration | C1: BRAND | D1: BRAND | E1: BRAND | F1: BRAND | G1: BRAND | H1: BRAND | I1: BRAND | J1: BRAND | K1: BRAND | L1: BRAND | M1: BRAND | N1: BRAND
A2: Подходит для генеральной уборки | B2: 0.406 | C2: -14.55162 | D2: -1.4803327 | E2: -0.0052167808 | F2: 0.98668131 | G2: 2.2510033 | H2: -0.55689053 | I2: 2.028896 | J2: 0.89008747 | K2: 4.3466643 | L2: 0.94804443 | M2: 2.9834949 | N2: 2.159188
A3: Устраняет шерсть от домашних животных на ковре/ковровых покрытиях/мягкой мебели | B3: 0.292 | C3: 2.4580629 | D3: -0.2342261 | E3: -1.0502165 | F3: 0.003554443 | G3: -0.9507444 | H3: 1.447691 | I3: -0.11296456 | J3: 0.17446534 | K3: -1.4439559 | L3: 0.12466961 | M3: -0.33468756 | N3: -0.081648343
A4: Подходит для уборки, когда дома есть животные | B4: 0.278 | C4: -5.5246845 | D4: 0.53185244 | E4: -0.71032112 | F4: 0.56935766 | G4: 0.93109071 | H4: 0.53110753 | I4: 0.91708962 | J4: 0.15216565 | K4: 2.1321588 | L4: 0.35338048 | M4: 0.027687369 | N4: 0.089115372
A5: Подходит для легкой гигиенической чистки ковра/коврового покрытия/мягкой мебели | B5: 0.269 | C5: 1.8751212 | D5: -2.5657543 | E5: 0.82894974 | F5: -1.2600414 | G5: 3.0349612 | H5: -0.14187354 | I5: -0.55786275 | J5: 0.19197999 | K5: -1.7932152 | L5: 0.42514637 | M5: -0.43001237 | N5: 0.39260119
A6: Помогает чувствовать себя более комфортно дома | B6: 0.259 | C6: -5.7866111 | D6: 2.2769801 | E6: 2.2173624 | F6: 1.1286244 | G6: -0.6631575 | H6: -1.8080217 | I6: 0.39155374 | J6: 1.2654447 | K6: -0.55766242 | L6: 1.3118716 | M6: -0.02017128 | N6: 0.2437872
A7: Подходит для чистки автомобильных кресел | B7: 0.187 | C7: -0.42635245 | D7: 1.3250909 | E7: -0.22622349 | F7: 4.3297637 | G7: -2.4880332 | H7: -1.1875127 | I7: 1.1000236 | J7: -0.95098234 | K7: -1.8984797 | L7: 1.4167795 | M7: -0.61198481 | N7: -0.38208913
A8: Подходит для уборки перед приходом родителей (включая родителей супруга/супруги) | B8: 0.126 | C8: -9.5207067 | D8: -0.1310802 | E8: 1.6756038 | F8: 0.85425685 | G8: 4.320322 | H8: -2.1624031 | I8: 1.0785196 | J8: 1.1248295 | K8: -1.099125 | L8: 0.91730303 | M8: 1.090788 | N8: 1.8516923
A9: Помогает избавиться от пластилина, слаймов, краски на ковре/ковровых покрытиях/мягкой мебели | B9: 0.085 | C9: -0.75764174 | D9: 1.7620568 | E9: 0.097319945 | F9: 0.96169146 | G9: -1.1032036 | H9: 0.42008659 | I9: -0.29542842 | J9: -0.49039865 | K9: -0.30431657 | L9: -0.13464201 | M9: -0.28582235 | N9: 0.1302985
A10: Подходит для уборки, когда дома есть дети старшего возраста | B10: 0.069 | C10: -6.9873325 | D10: 0.76781446 | E10: 1.469976 | F10: 1.3059573 | G10: 0.56088243 | H10: -1.1136928 | I10: 0.83740861 | J10: 0.62693849 | K10: 0.049662445 | L10: 0.98551694 | M10: 0.98412117 | N10: 0.51274741
A11: Подходит для уборки ковра и коврового покрытия, мягкой мебели после интенсивного игрового дня | B11: 0.063 | C11: 1.2819748 | D11: 0.53082543 | E11: -0.03217887 | F11: -0.30978602 | G11: -0.42782672 | H11: 0.66640368 | I11: 0.057220236 | J11: -0.11469804 | K11: -0.97118142 | L11: -0.087161123 | M11: -0.22254476 | N11: -0.37104721
A12: Подходит для повседневной уборки | B12: 0.411 | C12: -13.550576 | D12: -0.048410581 | E12: 2.1407461 | F12: 1.0757942 | G12: 11.248676 | H12: -3.5224391 | I12: -0.16266953 | J12: 1.3632634 | K12: -1.1723758 | L12: 0.32543554 | M12: 0.66254833 | N12: 1.6400071
A13: Подходит для ковровых поверхностей с коротким ворсом | B13: 0.333 | C13: 8.1549895 | D13: -2.6462194 | E13: -1.1425797 | F13: -0.013530923 | G13: -0.008664108 | H13: 2.742025 | I13: -0.98922592 | J13: -1.3730109 | K13: -3.1374079 | L13: -0.24815523 | M13: -0.68090927 | N13: -0.65731111
... A29: Подходит для восточных ковров | B29: 0.036 | C29: 7.5530016 | D29: 1.418625 | E29: -1.1045593 | F29: -1.488018 | G29: -2.3681454 | H29: 2.6385692 | I29: -1.5034623 | J29: -0.22531505 | K29: -2.8284535 | L29: -0.95074603 | M29: -0.66324499 | N29: -0.47825124

Sheet CEP - Vanish Recs
A1: ORDER BY Penetration | B1: Penetration | C1: BRAND | D1: CEP Type | E1: Recommendation
A2: U1_20: Подходит для повседневной уборки | B2: 0.411 | C2: -13.550576 | D2: TOP 10 | E2: Try to fix
A3: U1_21: Подходит для генеральной уборки | B3: 0.406 | C3: -14.55162 | D3: TOP 10 | E3: Try to fix
A4: U1_18: Подходит для ковровых поверхностей с коротким ворсом | B4: 0.333 | C4: 8.1549895 | D4: TOP 10 | E4: Protect
A5: U1_8: Устраняет шерсть от домашних животных на ковре/ковровых покрытиях/мягкой мебели | B5: 0.292 | C5: 2.4580629 | D5: TOP 10 | E5: Build
A6: U1_25: Подходит для уборки перед приходом гостей | B6: 0.289 | C6: -15.000328 | D6: TOP 10 | E6: Try to fix
A7: U1_26: Подходит для уборки после прихода гостей | B7: 0.286 | C7: -13.927286 | D7: TOP 10 | E7: Try to fix
A8: U1_2: Убирает легкие пятна на ковре/ковровых покрытиях/мягкой мебели | B8: 0.284 | C8: 7.0417137 | D8: TOP 10 | E8: Protect
A9: U1_14: Подходит для уборки, когда дома есть животные | B9: 0.278 | C9: -5.5246845 | D9: TOP 10 | E9: Try to fix
A10: U1_11: Подходит для легкой гигиенической чистки ковра/коврового покрытия/мягкой мебели | B10: 0.269 | C10: 1.8751212 | D10: TOP 10 | E10: Build
A11: U1_24: Помогает чувствовать себя более комфортно дома | B11: 0.259 | C11: -5.7866111 | D11: TOP 10 | E11: Try to fix
A12: U1_6: Придает ковру/ковровому покрытию хороший внешний вид (свежий, незатоптанный) | B12: 0.197 | C12: 13.820249 | D12: Mid-range | E12: Protect
A13: U1_28: Подходит для чистки автомобильных кресел | B13: 0.187 | C13: -0.42635245 | D13: Mid-range | E13: Ignore
... A29: U1_16: Подходит для восточных ковров | B29: 0.036 | C29: 7.5530016 | D29: Low | E29: Protect
A32: ORDER BY Recommendation, Penetration | B32: Penetration | C32: BRAND | D32: CEP Type | E32: Recommendation
A33: U1_20: Подходит для повседневной уборки | B33: 0.411 | C33: -13.550576 | D33: TOP 10 | E33: Try to fix
A34: U1_21: Подходит для генеральной уборки | B34: 0.406 | C34: -14.55162 | D34: TOP 10 | E34: Try to fix
A35: U1_25: Подходит для уборки перед приходом гостей | B35: 0.289 | C35: -15.000328 | D35: TOP 10 | E35: Try to fix
A36: U1_26: Подходит для уборки после прихода гостей | B36: 0.286 | C36: -13.927286 | D36: TOP 10 | E36: Try to fix
A37: U1_14: Подходит для уборки, когда дома есть животные | B37: 0.278 | C37: -5.5246845 | D37: TOP 10 | E37: Try to fix
A38: U1_24: Помогает чувствовать себя более комфортно дома | B38: 0.259 | C38: -5.7866111 | D38: TOP 10 | E38: Try to fix
A39: U1_9: Чтобы защитить себя и близких от болезней, вызванных вирусами, микробами и бактериями | B39: 0.18 | C39: -13.480991 | D39: Mid-range | E39: Try to fix
A40: U1_3: Избавляет от бактерий / вирусов / микробов на ковре/ковролине и мягкой мебели | B40: 0.144 | C40: -7.8325311 | D40: Mid-range | E40: Try to fix
A41: U1_27: Подходит для уборки перед приходом родителей (включая родителей супруга/супруги) | B41: 0.126 | C41: -9.5207067 | D41: Mid-range | E41: Try to fix
A42: U1_8: Устраняет шерсть от домашних животных на ковре/ковровых покрытиях/мягкой мебели | B42: 0.292 | C42: 2.4580629 | D42: TOP 10 | E42: Build
A43: U1_11: Подходит для легкой гигиенической чистки ковра/коврового покрытия/мягкой мебели | B43: 0.269 | C43: 1.8751212 | D43: TOP 10 | E43: Build
A44: U1_18: Подходит для ковровых поверхностей с коротким ворсом | B44: 0.333 | C44: 8.1549895 | D44: TOP 10 | E44: Protect
... A60: U1_12: Подходит для уборки, когда дома есть грудничковые дети | B60: 0.046 | C60: -4.7737044 | D60: Low | E60: Ignore

Sheet Mental Market Share
B1: BRAND | C1: BRAND | D1: BRAND | E1: BRAND | F1: BRAND | G1: BRAND | H1: BRAND | I1: BRAND | J1: BRAND | K1: BRAND | L1: BRAND | M1: BRAND
A2: U1_1: Убирает въевшиеся пятна на ковре/ковровых покрытиях/мягкой мебели | B2: 424 | C2: 146 | D2: 137 | E2: 1075 | F2: 139 | G2: 167 | H2: 94 | I2: 67 | J2: 90 | K2: 57 | L2: 65 | M2: 85 | P2: BRAND | Q2: 0.31468694
A3: U1_2: Убирает легкие пятна на ковре/ковровых покрытиях/мягкой мебели | B3: 493 | C3: 256 | D3: 185 | E3: 1139 | F3: 284 | G3: 207 | H3: 107 | I3: 115 | J3: 111 | K3: 118 | L3: 98 | M3: 133 | P3: BRAND | Q3: 0.16819968
A4: U1_3: Избавляет от бактерий / вирусов / микробов на ковре/ковролине и мягкой мебели | B4: 436 | C4: 196 | D4: 168 | E4: 774 | F4: 186 | G4: 191 | H4: 180 | I4: 91 | J4: 367 | K4: 83 | L4: 82 | M4: 121 | P4: BRAND | Q4: 0.077433266
A5: U1_4: Убирает неприятные запахи с ковров и ковровых покрытий, мягкой мебели | B5: 505 | C5: 260 | D5: 185 | E5: 1075 | F5: 195 | G5: 189 | H5: 137 | I5: 132 | J5: 177 | K5: 112 | L5: 73 | M5: 117 | P5: BRAND | Q5: 0.076505268
A6: U1_5: Подходит для ковров и ковровых покрытий, мягкой мебели из деликатных материалов | B6: 505 | C6: 221 | D6: 139 | E6: 979 | F6: 167 | G6: 181 | H6: 92 | I6: 93 | J6: 89 | K6: 88 | L6: 59 | M6: 81 | P6: BRAND | Q6: 0.062571647
A7: U1_6: Придает ковру/ковровому покрытию хороший внешний вид (свежий, незатоптанный) | B7: 431 | C7: 186 | D7: 160 | E7: 1080 | F7: 157 | G7: 190 | H7: 94 | I7: 78 | J7: 96 | K7: 84 | L7: 54 | M7: 89 | P7: BRAND | Q7: 0.059719417
A8: U1_7: Устраняет следы от лап домашних животных на ковре/ковровых покрытиях/мягкой мебели | B8: 385 | C8: 160 | D8: 155 | E8: 838 | F8: 183 | G8: 165 | H8: 101 | I8: 76 | J8: 113 | K8: 88 | L8: 65 | M8: 82 | P8: BRAND | Q8: 0.055952836
A9: U1_8: Устраняет шерсть от домашних животных на ковре/ковровых покрытиях/мягкой мебели | B9: 297 | C9: 121 | D9: 112 | E9: 604 | F9: 121 | G9: 131 | H9: 79 | I9: 67 | J9: 76 | K9: 68 | L9: 44 | M9: 69 | P9: BRAND | Q9: 0.045212621
A10: U1_9: Чтобы защитить себя и близких от болезней, вызванных вирусами, микробами и бактериями | B10: 459 | C10: 208 | D10: 196 | E10: 692 | F10: 193 | G10: 139 | H10: 201 | I10: 99 | J10: 415 | K10: 107 | L10: 80 | M10: 125 | P10: BRAND | Q10: 0.039330749
A11: U1_10: Помогает избавиться от пластилина, слаймов, краски на ковре/ковровых покрытиях/мягкой мебели | B11: 204 | C11: 82 | D11: 81 | E11: 314 | F11: 61 | G11: 69 | H11: 42 | I11: 29 | J11: 53 | K11: 36 | L11: 24 | M11: 43 | P11: BRAND | Q11: 0.036846989
A12: U1_11: Подходит для легкой гигиенической чистки ковра/коврового покрытия/мягкой мебели | B12: 468 | C12: 249 | D12: 169 | E12: 987 | F12: 283 | G12: 179 | H12: 128 | I12: 112 | J12: 140 | K12: 119 | L12: 77 | M12: 126 | P12: BRAND | Q12: 0.035823462
A13: U1_12: Подходит для уборки, когда дома есть грудничковые дети | B13: 271 | C13: 115 | D13: 65 | E13: 269 | F13: 68 | G13: 34 | H13: 59 | I13: 30 | J13: 96 | K13: 45 | L13: 27 | M13: 29 | P13: BRAND | Q13: 0.027717124
A14: U1_13: Подходит для уборки, когда дома есть дети старшего возраста | B14: 344 | C14: 177 | D14: 145 | E14: 503 | F14: 160 | G14: 99 | H14: 103 | I14: 81 | J14: 111 | K14: 89 | L14: 71 | M14: 86
A15: U1_14: Подходит для уборки, когда дома есть животные | B15: 443 | C15: 188 | D15: 171 | E15: 720 | F15: 213 | G15: 163 | H15: 132 | I15: 95 | J15: 180 | K15: 101 | L15: 72 | M15: 103
A16: U1_15: Подходит для уборки, когда дома есть люди с астмой и/или аллергией | B16: 466 | C16: 172 | D16: 105 | E16: 487 | F16: 105 | G16: 66 | H16: 67 | I16: 56 | J16: 164 | K16: 64 | L16: 38 | M16: 54
A17: U1_16: Подходит для восточных ковров | B17: 370 | C17: 141 | D17: 104 | E17: 774 | F17: 118 | G17: 167 | H17: 68 | I17: 70 | J17: 68 | K17: 60 | L17: 46 | M17: 73
A18: U1_17: Подходит для ковровых поверхностей с длинным ворсом | B18: 396 | C18: 158 | D18: 137 | E18: 1024 | F18: 143 | G18: 213 | H18: 78 | I18: 69 | J18: 84 | K18: 77 | L18: 56 | M18: 71
A19: U1_18: Подходит для ковровых поверхностей с коротким ворсом | B19: 486 | C19: 225 | D19: 197 | E19: 1128 | F19: 241 | G19: 234 | H19: 126 | I19: 90 | J19: 124 | K19: 112 | L19: 76 | M19: 113
A20: U1_19: Подходит для уборки ковра и коврового покрытия, мягкой мебели после интенсивного игрового дня | B20: 262 | C20: 116 | D20: 89 | E20: 495 | F20: 108 | G20: 101 | H20: 69 | I20: 52 | J20: 68 | K20: 54 | L20: 38 | M20: 53
A21: U1_20: Подходит для повседневной уборки | B21: 545 | C21: 287 | D21: 221 | E21: 795 | F21: 436 | G21: 135 | H21: 144 | I21: 139 | J21: 162 | K21: 125 | L21: 101 | M21: 155
A22: U1_21: Подходит для генеральной уборки | B22: 638 | C22: 305 | D22: 263 | E22: 997 | F22: 339 | G22: 226 | H22: 212 | I22: 156 | J22: 293 | K22: 161 | L22: 159 | M22: 191
A23: U1_22: Подходит для использования, когда срочно нужно вывести пятна с ковра/коврого покрытия/мягкой мебели | B23: 400 | C23: 150 | D23: 130 | E23: 1126 | F23: 139 | G23: 177 | H23: 83 | I23: 56 | J23: 77 | K23: 64 | L23: 47 | M23: 69
A24: U1_23: Снижает стресс и негативные эмоции от наличия сильных пятен на ковре/ковровом покрытии/мягкой мебели | B24: 364 | C24: 173 | D24: 132 | E24: 845 | F24: 146 | G24: 141 | H24: 97 | I24: 75 | J24: 84 | K24: 76 | L24: 63 | M24: 90
A25: U1_24: Помогает чувствовать себя более комфортно дома | B25: 568 | C25: 281 | D25: 216 | E25: 895 | F25: 230 | G25: 158 | H25: 149 | I25: 134 | J25: 167 | K25: 138 | L25: 87 | M25: 128
... A29: U1_28: Подходит для чистки автомобильных кресел | B29: 430 | C29: 184 | D29: 224 | E29: 756 | F29: 144 | G29: 125 | H29: 128 | I29: 71 | J29: 104 | K29: 113 | L29: 57 | M29: 89
B30: =SUM(B2:B29) -> 12325 | C30: =SUM(C2:C29) -> 5674 | D30: =SUM(D2:D29) -> 4585 | E30: =SUM(E2:E29) -> 23059 | F30: =SUM(F2:F29) -> 5606 | G30: =SUM(G2:G29) -> 4376 | H30: =SUM(H2:H29) -> 3313 | I30: =SUM(I2:I29) -> 2625 | ... M30: =SUM(M2:M29) -> 2882 | N30: =SUM(B30:M30) -> 73276
A31: MMS | B31: =B30/$N$30 -> 0.16819968 | C31: =C30/$N$30 -> 0.077433266 | D31: =D30/$N$30 -> 0.062571647 | E31: =E30/$N$30 -> 0.31468694 | F31: =F30/$N$30 -> 0.076505268 | G31: =G30/$N$30 -> 0.059719417 | H31: =H30/$N$30 -> 0.045212621 | I31: =I30/$N$30 -> 0.035823462 | ... M31: =M30/$N$30 -> 0.039330749
