Workbook

Sheet Ортогональный план
A1: Список карт
A2: ID карты | B2: Brand | C2: Price | D2: Taste
A3: 1 | B3: BRAND | C3: 149 | D3: Травяной
A4: 2 | B4: BRAND | C4: 449 | D4: Зеленый с добавками
A5: 3 | B5: BRAND | C5: 549 | D5: Черный с добавками
A6: 4 | B6: BRAND | C6: 449 | D6: Травяной
A7: 5 | B7: BRAND | C7: 249 | D7: Зеленый без добавок
A8: 6 | B8: BRAND | C8: 249 | D8: Травяной
A9: 7 | B9: BRAND | C9: 249 | D9: Черный без добавок
A10: 8 | B10: BRAND | C10: 249 | D10: Черный с добавками
A11: 9 | B11: BRAND | C11: 349 | D11: Травяной
A12: 10 | B12: BRAND | C12: 149 | D12: Зеленый с добавками
A13: 11 | B13: BRAND | C13: 349 | D13: Черный с добавками
A14: 12 | B14: BRAND | C14: 149 | D14: Черный без добавок
... A27: 25 | B27: BRAND | C27: 349 | D27: Зеленый без добавок

Sheet RBC
A1: Полезности | F1: Важности
C2: Оценка полезности | D2: Стандартная ошибка | F2: Brand | G2: 32.216
A3: Brand | B3: BRAND | C3: 0.261 | D3: 0.048 | F3: Price | G3: 39.58
B4: BRAND | C4: -0.102 | D4: 0.048 | F4: Taste | G4: 28.204
B5: BRAND | C5: 0.567 | D5: 0.048
B6: BRAND | C6: -0.226 | D6: 0.048
B7: BRAND | C7: -0.5 | D7: 0.048 | F7: R-квадрат
A8: Price | B8: 149 | C8: 0.775 | D8: 0.048 | F8: R Пирсона | G8: 0.993 | H8: 0
B9: 249 | C9: 0.325 | D9: 0.048 | F9: R-квадрат | G9: =G8*G8 -> 0.986049
B10: 349 | C10: -0.122 | D10: 0.048
B11: 449 | C11: -0.442 | D11: 0.048
B12: 549 | C12: -0.536 | D12: 0.048
A13: Taste | B13: Черный без добавок | C13: 0.593 | D13: 0.048
B14: Черный с добавками | C14: 0.094 | D14: 0.048
B15: Зеленый без добавок | C15: -0.066 | D15: 0.048
B16: Зеленый с добавками | C16: -0.279 | D16: 0.048
B17: Травяной | C17: -0.341 | D17: 0.048
A18: (Константа) | C18: 6.174 | D18: 0.024

Sheet Оптимизация продукта
B1: Текущий продукт | D1: Оптимальный продукт по пенетрации | F1: Продукт по цене ниже оптимальной | H1: Оптимальный продукт по выручке
A2: Атрибут | B2: Уровень | C2: Полезность | D2: Уровень | E2: Полезность | F2: Уровень | G2: Полезность | H2: Уровень | I2: Полезность
A3: Brand | B3: BRAND | C3: 0.567 | D3: BRAND | E3: =MAX(RBC!C3:C7) -> 0.567 | F3: BRAND | G3: 0.567 | H3: BRAND | I3: 0.567
A4: Price | B4: 249 | C4: 0.325 | D4: 149 | E4: =MAX(RBC!C8:C12) -> 0.775 | F4: 449 | G4: -0.442 | H4: 549 | I4: -0.536
A5: Taste | B5: Зеленый с добавками | C5: -0.279 | D5: Черный без добавок | E5: =MAX(RBC!C13:C17) -> 0.593 | F5: Черный без добавок | G5: 0.593 | H5: Черный без добавок | I5: 0.593
A7: Utility | C7: =SUM(C3:C5,RBC!C18) -> 6.787 | E7: =SUM(E3:E5,RBC!C18) -> 8.109 | G7: =SUM(G3:G5,RBC!C18) -> 6.892 | I7: =SUM(I3:I5,RBC!C18) -> 6.798
A8: Revenue | C8: =C9*B4*1000 -> 24900 | E8: =E9*D4*1000 -> 17802.284 | G8: =G9*449*1000 -> 45594.637 | I8: =I9*H4*1000 -> 54988.979
A9: Share | C9: 0.1 | E9: =C9*(E7/C7) -> 0.11947841 | G9: =C9*(G7/C7) -> 0.10154708 | I9: =C9*(I7/C7) -> 0.10016207

Sheet Кривая спроса
A1: Brand | B1: BRAND | C1: 0.775
A2: Taste | B2: Зеленый с добавками | C2: -0.279
A4: Price Level | B4: Utility | C4: Share | D4: Elasticity | E4: Revenue
A5: 149 | B5: =SUM(C1:C2,RBC!C18,RBC!C8) -> 7.445 | C5: =C6*(B5/B6) -> 0.10643317 | E5: =C5*A5*1000 -> 15858.542
A6: 249 | B6: =SUM(C1:C2,RBC!C18,RBC!C9) -> 6.995 | C6: 0.1 | D6: =((C6-C5)/(A6-A5))*((SUM(A5:A6)/2)/(SUM(C5:C6)/2)) -> -0.12403047 | E6: =C6*A6*1000 -> 24900
A7: 349 | B7: =SUM(C1:C2,RBC!C18,RBC!C10) -> 6.548 | C7: =C6*(B7/B6) -> 0.093609721 | D7: =((C7-C6)/(A7-A6))*((SUM(A6:A7)/2)/(SUM(C6:C7)/2)) -> -0.19737577 | E7: =C7*A7*1000 -> 32669.793
A8: 449 | B8: =SUM(C1:C2,RBC!C18,RBC!C11) -> 6.228 | C8: =C6*(B8/B6) -> 0.089035025 | D8: =((C8-C7)/(A8-A7))*((SUM(A7:A8)/2)/(SUM(C7:C8)/2)) -> -0.19987477 | E8: =C8*A8*1000 -> 39976.726
A9: 549 | B9: =SUM(C1:C2,RBC!C18,RBC!C12) -> 6.134 | C9: =C6*(B9/B6) -> 0.087691208 | D9: =((C9-C8)/(A9-A8))*((SUM(A8:A9)/2)/(SUM(C8:C9)/2)) -> -0.075887397 | E9: =C9*A9*1000 -> 48142.473
