Workbook

Sheet %
A1: % | B1: Выгодно | C1: Дороговато, но куплю | D1: Слишком дорого | E1: Сомнительно дешево
A2: 10 | B2: 0 | C2: 0 | D2: 0 | E2: 4.12541
A3: 13 | B3: 0 | C3: 0 | D3: 0 | E3: 0.16502
A4: 14 | B4: 0 | C4: 0 | D4: 0 | E4: 0.16502
A5: 15 | B5: 0 | C5: 0 | D5: 0 | E5: 0.33003
A6: 18 | B6: 0 | C6: 0 | D6: 0 | E6: 0.16502
A7: 19 | B7: 0.33003 | C7: 0 | D7: 0 | E7: 0
A8: 20 | B8: 0.49505 | C8: 0.16502 | D8: 0 | E8: 1.65017
A9: 21 | B9: 0.16502 | C9: 0.16502 | D9: 0.16502 | E9: 0.16502
A10: 22 | B10: 0.16502 | C10: 0.16502 | D10: 0.16502 | E10: 0
A11: 23 | B11: 0 | C11: 0.16502 | D11: 0.16502 | E11: 0
A12: 24 | B12: 0 | C12: 0 | D12: 0.16502 | E12: 0
A13: 25 | B13: 0 | C13: 0.16502 | D13: 0 | E13: 0.16502
... A191: 3000 | B191: 0 | C191: 0 | D191: 0.16502 | E191: 0

Sheet Cumulative, %
A1: % | B1: Выгодно | C1: Дороговато, но куплю | D1: Слишком дорого | E1: Сомнительно дешево
A2: 10 | B2: ='%'!B2 -> 0 | C2: ='%'!C2 -> 0 | D2: ='%'!D2 -> 0 | E2: ='%'!E2 -> 4.12541
A3: 13 | B3: =SUM('%'!B$2:B3) -> 0 | C3: =SUM('%'!C$2:C3) -> 0 | D3: =SUM('%'!D$2:D3) -> 0 | E3: =SUM('%'!E$2:E3) -> 4.29043
A4: 14 | B4: =SUM('%'!B$2:B4) -> 0 | C4: =SUM('%'!C$2:C4) -> 0 | D4: =SUM('%'!D$2:D4) -> 0 | E4: =SUM('%'!E$2:E4) -> 4.45545
A5: 15 | B5: =SUM('%'!B$2:B5) -> 0 | C5: =SUM('%'!C$2:C5) -> 0 | D5: =SUM('%'!D$2:D5) -> 0 | E5: =SUM('%'!E$2:E5) -> 4.78548
A6: 18 | B6: =SUM('%'!B$2:B6) -> 0 | C6: =SUM('%'!C$2:C6) -> 0 | D6: =SUM('%'!D$2:D6) -> 0 | E6: =SUM('%'!E$2:E6) -> 4.9505
A7: 19 | B7: =SUM('%'!B$2:B7) -> 0.33003 | C7: =SUM('%'!C$2:C7) -> 0 | D7: =SUM('%'!D$2:D7) -> 0 | E7: =SUM('%'!E$2:E7) -> 4.9505
A8: 20 | B8: =SUM('%'!B$2:B8) -> 0.82508 | C8: =SUM('%'!C$2:C8) -> 0.16502 | D8: =SUM('%'!D$2:D8) -> 0 | E8: =SUM('%'!E$2:E8) -> 6.60067
A9: 21 | B9: =SUM('%'!B$2:B9) -> 0.9901 | C9: =SUM('%'!C$2:C9) -> 0.33004 | D9: =SUM('%'!D$2:D9) -> 0.16502 | E9: =SUM('%'!E$2:E9) -> 6.76569
A10: 22 | B10: =SUM('%'!B$2:B10) -> 1.15512 | C10: =SUM('%'!C$2:C10) -> 0.49506 | D10: =SUM('%'!D$2:D10) -> 0.33004 | E10: =SUM('%'!E$2:E10) -> 6.76569
A11: 23 | B11: =SUM('%'!B$2:B11) -> 1.15512 | C11: =SUM('%'!C$2:C11) -> 0.66008 | D11: =SUM('%'!D$2:D11) -> 0.49506 | E11: =SUM('%'!E$2:E11) -> 6.76569
A12: 24 | B12: =SUM('%'!B$2:B12) -> 1.15512 | C12: =SUM('%'!C$2:C12) -> 0.66008 | D12: =SUM('%'!D$2:D12) -> 0.66008 | E12: =SUM('%'!E$2:E12) -> 6.76569
A13: 25 | B13: =SUM('%'!B$2:B13) -> 1.15512 | C13: =SUM('%'!C$2:C13) -> 0.8251 | D13: =SUM('%'!D$2:D13) -> 0.66008 | E13: =SUM('%'!E$2:E13) -> 6.93071
A14: 26 | B14: =SUM('%'!B$2:B14) -> 1.15512 | C14: =SUM('%'!C$2:C14) -> 0.8251 | D14: =SUM('%'!D$2:D14) -> 0.8251 | E14: =SUM('%'!E$2:E14) -> 6.93071
... A17: 29 | B17: =SUM('%'!B$2:B17) -> 1.48516 | C17: =SUM('%'!C$2:C17) -> 0.99012 | D17: =SUM('%'!D$2:D17) -> 0.8251 | E17: =SUM('%'!E$2:E17) -> 6.93071
A18: 30 | B18: =SUM('%'!B$2:B18) -> 1.98021 | C18: =SUM('%'!C$2:'%'!C18) -> 1.15514 | D18: =SUM('%'!D$2:D18) -> 0.8251 | E18: =SUM('%'!E$2:E18) -> 8.41586
A19: 33 | B19: =SUM('%'!B$2:B19) -> 2.14523 | C19: =SUM('%'!C$2:C19) -> 1.15514 | D19: =SUM('%'!D$2:D19) -> 0.8251 | E19: =SUM('%'!E$2:E19) -> 8.58088
A20: 35 | B20: =SUM('%'!B$2:B20) -> 2.31025 | C20: =SUM('%'!C$2:C20) -> 1.32016 | D20: =SUM('%'!D$2:D20) -> 0.8251 | E20: =SUM('%'!E$2:E20) -> 8.91091
A21: 40 | B21: =SUM('%'!B$2:B21) -> 2.64028 | C21: =SUM('%'!C$2:C21) -> 1.48518 | D21: =SUM('%'!D$2:D21) -> 0.8251 | E21: =SUM('%'!E$2:E21) -> 10.89111
A22: 45 | B22: =SUM('%'!B$2:B22) -> 2.8053 | C22: =SUM('%'!C$2:C22) -> 1.48518 | D22: =SUM('%'!D$2:D22) -> 0.8251 | E22: =SUM('%'!E$2:E22) -> 11.22114
A23: 48 | B23: =SUM('%'!B$2:B23) -> 2.97032 | C23: =SUM('%'!C$2:C23) -> 1.48518 | D23: =SUM('%'!D$2:D23) -> 0.8251 | E23: =SUM('%'!E$2:E23) -> 11.22114
A24: 49 | B24: =SUM('%'!B$2:B24) -> 2.97032 | C24: =SUM('%'!C$2:C24) -> 1.6502 | D24: =SUM('%'!D$2:D24) -> 0.8251 | E24: =SUM('%'!E$2:E24) -> 11.55117
A25: 50 | B25: =SUM('%'!B$2:B25) -> 4.95052 | C25: =SUM('%'!C$2:C25) -> 2.14525 | D25: =SUM('%'!D$2:D25) -> 0.99012 | E25: =SUM('%'!E$2:E25) -> 26.23764
A26: 53 | B26: =SUM('%'!B$2:B26) -> 4.95052 | C26: =SUM('%'!C$2:C26) -> 2.14525 | D26: =SUM('%'!D$2:D26) -> 0.99012 | E26: =SUM('%'!E$2:E26) -> 26.40266
A27: 54 | B27: =SUM('%'!B$2:B27) -> 4.95052 | C27: =SUM('%'!C$2:C27) -> 2.14525 | D27: =SUM('%'!D$2:D27) -> 0.99012 | E27: =SUM('%'!E$2:E27) -> 26.56768
A28: 55 | B28: =SUM('%'!B$2:B28) -> 4.95052 | C28: =SUM('%'!C$2:C28) -> 2.31027 | D28: =SUM('%'!D$2:D28) -> 0.99012 | E28: =SUM('%'!E$2:E28) -> 26.89771
A29: 56 | B29: =SUM('%'!B$2:B29) -> 5.11554 | C29: =SUM('%'!C$2:C29) -> 2.31027 | D29: =SUM('%'!D$2:D29) -> 0.99012 | E29: =SUM('%'!E$2:E29) -> 27.06273
A30: 58 | B30: =SUM('%'!B$2:B30) -> 5.11554 | C30: =SUM('%'!C$2:C30) -> 2.31027 | D30: =SUM('%'!D$2:D30) -> 0.99012 | E30: =SUM('%'!E$2:E30) -> 27.22775
... A191: 3000 | B191: =SUM('%'!B$2:B191) -> 100.00015 | C191: =SUM('%'!C$2:C191) -> 100.00022 | D191: =SUM('%'!D$2:D191) -> 100.00016 | E191: =SUM('%'!E$2:E191) -> 100.0001

Sheet Cumulative Reverse, %
A1: % | B1: Выгодная покупка | C1: Дороговато, но куплю | D1: Слишком дорого | E1: Подозрительно дешево
A2: 10 | B2: =100-'Cumulative, %'!B2 -> 100 | C2: ='Cumulative, %'!C2 -> 0 | D2: ='Cumulative, %'!D2 -> 0 | E2: =100-'Cumulative, %'!E2 -> 95.87459
A3: 13 | B3: =100-'Cumulative, %'!B3 -> 100 | C3: ='Cumulative, %'!C3 -> 0 | D3: ='Cumulative, %'!D3 -> 0 | E3: =100-'Cumulative, %'!E3 -> 95.70957
A4: 14 | B4: =100-'Cumulative, %'!B4 -> 100 | C4: ='Cumulative, %'!C4 -> 0 | D4: ='Cumulative, %'!D4 -> 0 | E4: =100-'Cumulative, %'!E4 -> 95.54455
A5: 15 | B5: =100-'Cumulative, %'!B5 -> 100 | C5: ='Cumulative, %'!C5 -> 0 | D5: ='Cumulative, %'!D5 -> 0 | E5: =100-'Cumulative, %'!E5 -> 95.21452
A6: 18 | B6: =100-'Cumulative, %'!B6 -> 100 | C6: ='Cumulative, %'!C6 -> 0 | D6: ='Cumulative, %'!D6 -> 0 | E6: =100-'Cumulative, %'!E6 -> 95.0495
A7: 19 | B7: =100-'Cumulative, %'!B7 -> 99.66997 | C7: ='Cumulative, %'!C7 -> 0 | D7: ='Cumulative, %'!D7 -> 0 | E7: =100-'Cumulative, %'!E7 -> 95.0495
A8: 20 | B8: =100-'Cumulative, %'!B8 -> 99.17492 | C8: ='Cumulative, %'!C8 -> 0.16502 | D8: ='Cumulative, %'!D8 -> 0 | E8: =100-'Cumulative, %'!E8 -> 93.39933
A9: 21 | B9: =100-'Cumulative, %'!B9 -> 99.0099 | C9: ='Cumulative, %'!C9 -> 0.33004 | D9: ='Cumulative, %'!D9 -> 0.16502 | E9: =100-'Cumulative, %'!E9 -> 93.23431
A10: 22 | B10: =100-'Cumulative, %'!B10 -> 98.84488 | C10: ='Cumulative, %'!C10 -> 0.49506 | D10: ='Cumulative, %'!D10 -> 0.33004 | E10: =100-'Cumulative, %'!E10 -> 93.23431
A11: 23 | B11: =100-'Cumulative, %'!B11 -> 98.84488 | C11: ='Cumulative, %'!C11 -> 0.66008 | D11: ='Cumulative, %'!D11 -> 0.49506 | E11: =100-'Cumulative, %'!E11 -> 93.23431
A12: 24 | B12: =100-'Cumulative, %'!B12 -> 98.84488 | C12: ='Cumulative, %'!C12 -> 0.66008 | D12: ='Cumulative, %'!D12 -> 0.66008 | E12: =100-'Cumulative, %'!E12 -> 93.23431
A13: 25 | B13: =100-'Cumulative, %'!B13 -> 98.84488 | C13: ='Cumulative, %'!C13 -> 0.8251 | D13: ='Cumulative, %'!D13 -> 0.66008 | E13: =100-'Cumulative, %'!E13 -> 93.06929
... A191: 3000 | B191: =100-'Cumulative, %'!B191 -> -0.00015 | C191: ='Cumulative, %'!C191 -> 100.00022 | D191: ='Cumulative, %'!D191 -> 100.00016 | E191: =100-'Cumulative, %'!E191 -> -0.0001

Sheet Newton-Miller_RAW
A1: ID | B1: Выгодная покупка | C1: Дороговато, но куплю | D1: Выгодная покупка: Вероятность покупки | E1: Дороговато, но куплю: Вероятность покупки
A2: 1 | B2: 250 | C2: 400 | D2: 1 | E2: 3
A3: 2 | B3: 150 | C3: 200 | D3: 2 | E3: 2
A4: 3 | B4: 400 | C4: 450 | D4: 2 | E4: 3
A5: 4 | B5: 420 | C5: 440 | D5: 2 | E5: 2
A6: 5 | B6: 90 | C6: 100 | D6: 1 | E6: 1
A7: 6 | B7: 19 | C7: 20 | D7: 4 | E7: 4
A8: 7 | B8: 50 | C8: 60 | D8: 5 | E8: 5
A9: 8 | B9: 160 | C9: 200 | D9: 1 | E9: 3
A10: 9 | B10: 200 | C10: 250 | D10: 1 | E10: 1
A11: 10 | B11: 410 | C11: 430 | D11: 2 | E11: 2
A12: 11 | B12: 150 | C12: 190 | D12: 1 | E12: 2
A13: 12 | B13: 200 | C13: 300 | D13: 1 | E13: 3
... A607: 606 | B607: 150 | C607: 160 | D607: 1 | E607: 2

Sheet Newton-Miller_Convert
B1: Выгодная покупка | C1: Дороговато, но куплю | D1: Выгодная покупка: Вероятность покупки | E1: Дороговато, но куплю: Вероятность покупки | F1: Дороговато, но куплю: Вероятность покупки с поправкой | G1: Разница вероятностей | I1: Value | J1: Probability | L1: Уровень цен
A2: 1 | B2: ='Newton-Miller_RAW'!B2 -> 250 | C2: ='Newton-Miller_RAW'!C2 -> 400 | D2: =VLOOKUP('Newton-Miller_RAW'!D2,'Newton-Miller_Convert'!$I$1:$J$6,2,FALSE) -> 0.75 | E2: =VLOOKUP('Newton-Miller_RAW'!E2,'Newton-Miller_Convert'!$I$1:$J$6,2,FALSE) -> 0.1 | F2: =IF(E2>D2,D2,E2) -> 0.1 | G2: =D2-F2 -> 0.65 | I2: 5 | J2: 0 | L2: 10
A3: 2 | B3: ='Newton-Miller_RAW'!B3 -> 150 | C3: ='Newton-Miller_RAW'!C3 -> 200 | D3: =VLOOKUP('Newton-Miller_RAW'!D3,'Newton-Miller_Convert'!$I$1:$J$6,2,FALSE) -> 0.25 | E3: =VLOOKUP('Newton-Miller_RAW'!E3,'Newton-Miller_Convert'!$I$1:$J$6,2,FALSE) -> 0.25 | F3: =IF(E3>D3,D3,E3) -> 0.25 | G3: =D3-F3 -> 0 | I3: 4 | J3: 0 | L3: 13
A4: 3 | B4: ='Newton-Miller_RAW'!B4 -> 400 | C4: ='Newton-Miller_RAW'!C4 -> 450 | D4: =VLOOKUP('Newton-Miller_RAW'!D4,'Newton-Miller_Convert'!$I$1:$J$6,2,FALSE) -> 0.25 | E4: =VLOOKUP('Newton-Miller_RAW'!E4,'Newton-Miller_Convert'!$I$1:$J$6,2,FALSE) -> 0.1 | F4: =IF(E4>D4,D4,E4) -> 0.1 | G4: =D4-F4 -> 0.15 | I4: 3 | J4: 0.1 | L4: 14
A5: 4 | B5: ='Newton-Miller_RAW'!B5 -> 420 | C5: ='Newton-Miller_RAW'!C5 -> 440 | D5: =VLOOKUP('Newton-Miller_RAW'!D5,'Newton-Miller_Convert'!$I$1:$J$6,2,FALSE) -> 0.25 | E5: =VLOOKUP('Newton-Miller_RAW'!E5,'Newton-Miller_Convert'!$I$1:$J$6,2,FALSE) -> 0.25 | F5: =IF(E5>D5,D5,E5) -> 0.25 | G5: =D5-F5 -> 0 | I5: 2 | J5: 0.25 | L5: 15
A6: 5 | B6: ='Newton-Miller_RAW'!B6 -> 90 | C6: ='Newton-Miller_RAW'!C6 -> 100 | D6: =VLOOKUP('Newton-Miller_RAW'!D6,'Newton-Miller_Convert'!$I$1:$J$6,2,FALSE) -> 0.75 | E6: =VLOOKUP('Newton-Miller_RAW'!E6,'Newton-Miller_Convert'!$I$1:$J$6,2,FALSE) -> 0.75 | F6: =IF(E6>D6,D6,E6) -> 0.75 | G6: =D6-F6 -> 0 | I6: 1 | J6: 0.75 | L6: 18
A7: 6 | B7: ='Newton-Miller_RAW'!B7 -> 19 | C7: ='Newton-Miller_RAW'!C7 -> 20 | D7: =VLOOKUP('Newton-Miller_RAW'!D7,'Newton-Miller_Convert'!$I$1:$J$6,2,FALSE) -> 0 | E7: =VLOOKUP('Newton-Miller_RAW'!E7,'Newton-Miller_Convert'!$I$1:$J$6,2,FALSE) -> 0 | F7: =IF(E7>D7,D7,E7) -> 0 | G7: =D7-F7 -> 0 | L7: 19
A8: 7 | B8: ='Newton-Miller_RAW'!B8 -> 50 | C8: ='Newton-Miller_RAW'!C8 -> 60 | D8: =VLOOKUP('Newton-Miller_RAW'!D8,'Newton-Miller_Convert'!$I$1:$J$6,2,FALSE) -> 0 | E8: =VLOOKUP('Newton-Miller_RAW'!E8,'Newton-Miller_Convert'!$I$1:$J$6,2,FALSE) -> 0 | F8: =IF(E8>D8,D8,E8) -> 0 | G8: =D8-F8 -> 0 | L8: 20
A9: 8 | B9: ='Newton-Miller_RAW'!B9 -> 160 | C9: ='Newton-Miller_RAW'!C9 -> 200 | D9: =VLOOKUP('Newton-Miller_RAW'!D9,'Newton-Miller_Convert'!$I$1:$J$6,2,FALSE) -> 0.75 | E9: =VLOOKUP('Newton-Miller_RAW'!E9,'Newton-Miller_Convert'!$I$1:$J$6,2,FALSE) -> 0.1 | F9: =IF(E9>D9,D9,E9) -> 0.1 | G9: =D9-F9 -> 0.65 | L9: 21
A10: 9 | B10: ='Newton-Miller_RAW'!B10 -> 200 | C10: ='Newton-Miller_RAW'!C10 -> 250 | D10: =VLOOKUP('Newton-Miller_RAW'!D10,'Newton-Miller_Convert'!$I$1:$J$6,2,FALSE) -> 0.75 | E10: =VLOOKUP('Newton-Miller_RAW'!E10,'Newton-Miller_Convert'!$I$1:$J$6,2,FALSE) -> 0.75 | F10: =IF(E10>D10,D10,E10) -> 0.75 | G10: =D10-F10 -> 0 | L10: 22
A11: 10 | B11: ='Newton-Miller_RAW'!B11 -> 410 | C11: ='Newton-Miller_RAW'!C11 -> 430 | D11: =VLOOKUP('Newton-Miller_RAW'!D11,'Newton-Miller_Convert'!$I$1:$J$6,2,FALSE) -> 0.25 | E11: =VLOOKUP('Newton-Miller_RAW'!E11,'Newton-Miller_Convert'!$I$1:$J$6,2,FALSE) -> 0.25 | F11: =IF(E11>D11,D11,E11) -> 0.25 | G11: =D11-F11 -> 0 | L11: 23
A12: 11 | B12: ='Newton-Miller_RAW'!B12 -> 150 | C12: ='Newton-Miller_RAW'!C12 -> 190 | D12: =VLOOKUP('Newton-Miller_RAW'!D12,'Newton-Miller_Convert'!$I$1:$J$6,2,FALSE) -> 0.75 | E12: =VLOOKUP('Newton-Miller_RAW'!E12,'Newton-Miller_Convert'!$I$1:$J$6,2,FALSE) -> 0.25 | F12: =IF(E12>D12,D12,E12) -> 0.25 | G12: =D12-F12 -> 0.5 | L12: 24
A13: 12 | B13: ='Newton-Miller_RAW'!B13 -> 200 | C13: ='Newton-Miller_RAW'!C13 -> 300 | D13: =VLOOKUP('Newton-Miller_RAW'!D13,'Newton-Miller_Convert'!$I$1:$J$6,2,FALSE) -> 0.75 | E13: =VLOOKUP('Newton-Miller_RAW'!E13,'Newton-Miller_Convert'!$I$1:$J$6,2,FALSE) -> 0.1 | F13: =IF(E13>D13,D13,E13) -> 0.1 | G13: =D13-F13 -> 0.65 | L13: 25
A14: 13 | B14: ='Newton-Miller_RAW'!B14 -> 199 | C14: ='Newton-Miller_RAW'!C14 -> 299 | D14: =VLOOKUP('Newton-Miller_RAW'!D14,'Newton-Miller_Convert'!$I$1:$J$6,2,FALSE) -> 0.25 | E14: =VLOOKUP('Newton-Miller_RAW'!E14,'Newton-Miller_Convert'!$I$1:$J$6,2,FALSE) -> 0.1 | F14: =IF(E14>D14,D14,E14) -> 0.1 | G14: =D14-F14 -> 0.15 | L14: 26
A15: 14 | B15: ='Newton-Miller_RAW'!B15 -> 600 | C15: ='Newton-Miller_RAW'!C15 -> 700 | D15: =VLOOKUP('Newton-Miller_RAW'!D15,'Newton-Miller_Convert'!$I$1:$J$6,2,FALSE) -> 0.75 | E15: =VLOOKUP('Newton-Miller_RAW'!E15,'Newton-Miller_Convert'!$I$1:$J$6,2,FALSE) -> 0.25 | F15: =IF(E15>D15,D15,E15) -> 0.25 | G15: =D15-F15 -> 0.5 | L15: 27
A16: 15 | B16: ='Newton-Miller_RAW'!B16 -> 70 | C16: ='Newton-Miller_RAW'!C16 -> 90 | D16: =VLOOKUP('Newton-Miller_RAW'!D16,'Newton-Miller_Convert'!$I$1:$J$6,2,FALSE) -> 0.75 | E16: =VLOOKUP('Newton-Miller_RAW'!E16,'Newton-Miller_Convert'!$I$1:$J$6,2,FALSE) -> 0.25 | F16: =IF(E16>D16,D16,E16) -> 0.25 | G16: =D16-F16 -> 0.5 | L16: 28
A17: 16 | B17: ='Newton-Miller_RAW'!B17 -> 300 | C17: ='Newton-Miller_RAW'!C17 -> 400 | D17: =VLOOKUP('Newton-Miller_RAW'!D17,'Newton-Miller_Convert'!$I$1:$J$6,2,FALSE) -> 0.75 | E17: =VLOOKUP('Newton-Miller_RAW'!E17,'Newton-Miller_Convert'!$I$1:$J$6,2,FALSE) -> 0 | F17: =IF(E17>D17,D17,E17) -> 0 | G17: =D17-F17 -> 0.75 | L17: 29
A18: 17 | B18: ='Newton-Miller_RAW'!B18 -> 250 | C18: ='Newton-Miller_RAW'!C18 -> 300 | D18: =VLOOKUP('Newton-Miller_RAW'!D18,'Newton-Miller_Convert'!$I$1:$J$6,2,FALSE) -> 0.1 | E18: =VLOOKUP('Newton-Miller_RAW'!E18,'Newton-Miller_Convert'!$I$1:$J$6,2,FALSE) -> 0.1 | F18: =IF(E18>D18,D18,E18) -> 0.1 | G18: =D18-F18 -> 0 | L18: 30
... A191: 190 | B191: ='Newton-Miller_RAW'!B191 -> 200 | C191: ='Newton-Miller_RAW'!C191 -> 250 | D191: =VLOOKUP('Newton-Miller_RAW'!D191,'Newton-Miller_Convert'!$I$1:$J$6,2,FALSE) -> 0.75 | E191: =VLOOKUP('Newton-Miller_RAW'!E191,'Newton-Miller_Convert'!$I$1:$J$6,2,FALSE) -> 0.25 | F191: =IF(E191>D191,D191,E191) -> 0.25 | G191: =D191-F191 -> 0.5 | L191: 3000
A192: 191 | B192: ='Newton-Miller_RAW'!B192 -> 250 | C192: ='Newton-Miller_RAW'!C192 -> 350 | D192: =VLOOKUP('Newton-Miller_RAW'!D192,'Newton-Miller_Convert'!$I$1:$J$6,2,FALSE) -> 0.75 | E192: =VLOOKUP('Newton-Miller_RAW'!E192,'Newton-Miller_Convert'!$I$1:$J$6,2,FALSE) -> 0.1 | F192: =IF(E192>D192,D192,E192) -> 0.1 | G192: =D192-F192 -> 0.65
A193: 192 | B193: ='Newton-Miller_RAW'!B193 -> 229 | C193: ='Newton-Miller_RAW'!C193 -> 249 | D193: =VLOOKUP('Newton-Miller_RAW'!D193,'Newton-Miller_Convert'!$I$1:$J$6,2,FALSE) -> 0.1 | E193: =VLOOKUP('Newton-Miller_RAW'!E193,'Newton-Miller_Convert'!$I$1:$J$6,2,FALSE) -> 0.1 | F193: =IF(E193>D193,D193,E193) -> 0.1 | G193: =D193-F193 -> 0
A194: 193 | B194: ='Newton-Miller_RAW'!B194 -> 240 | C194: ='Newton-Miller_RAW'!C194 -> 280 | D194: =VLOOKUP('Newton-Miller_RAW'!D194,'Newton-Miller_Convert'!$I$1:$J$6,2,FALSE) -> 0.25 | E194: =VLOOKUP('Newton-Miller_RAW'!E194,'Newton-Miller_Convert'!$I$1:$J$6,2,FALSE) -> 0.1 | F194: =IF(E194>D194,D194,E194) -> 0.1 | G194: =D194-F194 -> 0.15
A195: 194 | B195: ='Newton-Miller_RAW'!B195 -> 50 | C195: ='Newton-Miller_RAW'!C195 -> 60 | D195: =VLOOKUP('Newton-Miller_RAW'!D195,'Newton-Miller_Convert'!$I$1:$J$6,2,FALSE) -> 0.75 | E195: =VLOOKUP('Newton-Miller_RAW'!E195,'Newton-Miller_Convert'!$I$1:$J$6,2,FALSE) -> 0.75 | F195: =IF(E195>D195,D195,E195) -> 0.75 | G195: =D195-F195 -> 0
A196: 195 | B196: ='Newton-Miller_RAW'!B196 -> 150 | C196: ='Newton-Miller_RAW'!C196 -> 250 | D196: =VLOOKUP('Newton-Miller_RAW'!D196,'Newton-Miller_Convert'!$I$1:$J$6,2,FALSE) -> 0.25 | E196: =VLOOKUP('Newton-Miller_RAW'!E196,'Newton-Miller_Convert'!$I$1:$J$6,2,FALSE) -> 0.1 | F196: =IF(E196>D196,D196,E196) -> 0.1 | G196: =D196-F196 -> 0.15
A197: 196 | B197: ='Newton-Miller_RAW'!B197 -> 247 | C197: ='Newton-Miller_RAW'!C197 -> 249 | D197: =VLOOKUP('Newton-Miller_RAW'!D197,'Newton-Miller_Convert'!$I$1:$J$6,2,FALSE) -> 0.75 | E197: =VLOOKUP('Newton-Miller_RAW'!E197,'Newton-Miller_Convert'!$I$1:$J$6,2,FALSE) -> 0.75 | F197: =IF(E197>D197,D197,E197) -> 0.75 | G197: =D197-F197 -> 0
A198: 197 | B198: ='Newton-Miller_RAW'!B198 -> 200 | C198: ='Newton-Miller_RAW'!C198 -> 300 | D198: =VLOOKUP('Newton-Miller_RAW'!D198,'Newton-Miller_Convert'!$I$1:$J$6,2,FALSE) -> 0.75 | E198: =VLOOKUP('Newton-Miller_RAW'!E198,'Newton-Miller_Convert'!$I$1:$J$6,2,FALSE) -> 0.25 | F198: =IF(E198>D198,D198,E198) -> 0.25 | G198: =D198-F198 -> 0.5
A199: 198 | B199: ='Newton-Miller_RAW'!B199 -> 100 | C199: ='Newton-Miller_RAW'!C199 -> 120 | D199: =VLOOKUP('Newton-Miller_RAW'!D199,'Newton-Miller_Convert'!$I$1:$J$6,2,FALSE) -> 0.1 | E199: =VLOOKUP('Newton-Miller_RAW'!E199,'Newton-Miller_Convert'!$I$1:$J$6,2,FALSE) -> 0.25 | F199: =IF(E199>D199,D199,E199) -> 0.1 | G199: =D199-F199 -> 0
A200: 199 | B200: ='Newton-Miller_RAW'!B200 -> 200 | C200: ='Newton-Miller_RAW'!C200 -> 300 | D200: =VLOOKUP('Newton-Miller_RAW'!D200,'Newton-Miller_Convert'!$I$1:$J$6,2,FALSE) -> 0.75 | E200: =VLOOKUP('Newton-Miller_RAW'!E200,'Newton-Miller_Convert'!$I$1:$J$6,2,FALSE) -> 0.25 | F200: =IF(E200>D200,D200,E200) -> 0.25 | G200: =D200-F200 -> 0.5
A201: 200 | B201: ='Newton-Miller_RAW'!B201 -> 180 | C201: ='Newton-Miller_RAW'!C201 -> 190 | D201: =VLOOKUP('Newton-Miller_RAW'!D201,'Newton-Miller_Convert'!$I$1:$J$6,2,FALSE) -> 0.75 | E201: =VLOOKUP('Newton-Miller_RAW'!E201,'Newton-Miller_Convert'!$I$1:$J$6,2,FALSE) -> 0.75 | F201: =IF(E201>D201,D201,E201) -> 0.75 | G201: =D201-F201 -> 0
A202: 201 | B202: ='Newton-Miller_RAW'!B202 -> 50 | C202: ='Newton-Miller_RAW'!C202 -> 90 | D202: =VLOOKUP('Newton-Miller_RAW'!D202,'Newton-Miller_Convert'!$I$1:$J$6,2,FALSE) -> 0.1 | E202: =VLOOKUP('Newton-Miller_RAW'!E202,'Newton-Miller_Convert'!$I$1:$J$6,2,FALSE) -> 0.1 | F202: =IF(E202>D202,D202,E202) -> 0.1 | G202: =D202-F202 -> 0
A203: 202 | B203: ='Newton-Miller_RAW'!B203 -> 150 | C203: ='Newton-Miller_RAW'!C203 -> 190 | D203: =VLOOKUP('Newton-Miller_RAW'!D203,'Newton-Miller_Convert'!$I$1:$J$6,2,FALSE) -> 0.75 | E203: =VLOOKUP('Newton-Miller_RAW'!E203,'Newton-Miller_Convert'!$I$1:$J$6,2,FALSE) -> 0.75 | F203: =IF(E203>D203,D203,E203) -> 0.75 | G203: =D203-F203 -> 0
... A607: 606 | B607: ='Newton-Miller_RAW'!B607 -> 150 | C607: ='Newton-Miller_RAW'!C607 -> 160 | D607: =VLOOKUP('Newton-Miller_RAW'!D607,'Newton-Miller_Convert'!$I$1:$J$6,2,FALSE) -> 0.75 | E607: =VLOOKUP('Newton-Miller_RAW'!E607,'Newton-Miller_Convert'!$I$1:$J$6,2,FALSE) -> 0.25 | F607: =IF(E607>D607,D607,E607) -> 0.25 | G607: =D607-F607 -> 0.5

Sheet Total Purchase Likelihood
B1: Уровень цен | C1: Total Purchase Likelihood - Expensive | D1: Total Purchase Likelihood - Difference
B2: 10 | C2: =SUMIF('Newton-Miller_Convert'!C:C,'Newton-Miller_Convert'!L2,'Newton-Miller_Convert'!E:E) -> 0 | D2: =SUMIF('Newton-Miller_Convert'!B:B,'Newton-Miller_Convert'!L2,'Newton-Miller_Convert'!G:G) -> 0
B3: 13 | C3: =SUMIF('Newton-Miller_Convert'!C:C,'Newton-Miller_Convert'!L3,'Newton-Miller_Convert'!E:E) -> 0 | D3: =SUMIF('Newton-Miller_Convert'!B:B,'Newton-Miller_Convert'!L3,'Newton-Miller_Convert'!G:G) -> 0
B4: 14 | C4: =SUMIF('Newton-Miller_Convert'!C:C,'Newton-Miller_Convert'!L4,'Newton-Miller_Convert'!E:E) -> 0 | D4: =SUMIF('Newton-Miller_Convert'!B:B,'Newton-Miller_Convert'!L4,'Newton-Miller_Convert'!G:G) -> 0
B5: 15 | C5: =SUMIF('Newton-Miller_Convert'!C:C,'Newton-Miller_Convert'!L5,'Newton-Miller_Convert'!E:E) -> 0 | D5: =SUMIF('Newton-Miller_Convert'!B:B,'Newton-Miller_Convert'!L5,'Newton-Miller_Convert'!G:G) -> 0
B6: 18 | C6: =SUMIF('Newton-Miller_Convert'!C:C,'Newton-Miller_Convert'!L6,'Newton-Miller_Convert'!E:E) -> 0 | D6: =SUMIF('Newton-Miller_Convert'!B:B,'Newton-Miller_Convert'!L6,'Newton-Miller_Convert'!G:G) -> 0
B7: 19 | C7: =SUMIF('Newton-Miller_Convert'!C:C,'Newton-Miller_Convert'!L7,'Newton-Miller_Convert'!E:E) -> 0 | D7: =SUMIF('Newton-Miller_Convert'!B:B,'Newton-Miller_Convert'!L7,'Newton-Miller_Convert'!G:G) -> 0
B8: 20 | C8: =SUMIF('Newton-Miller_Convert'!C:C,'Newton-Miller_Convert'!L8,'Newton-Miller_Convert'!E:E) -> 0 | D8: =SUMIF('Newton-Miller_Convert'!B:B,'Newton-Miller_Convert'!L8,'Newton-Miller_Convert'!G:G) -> 0.15
B9: 21 | C9: =SUMIF('Newton-Miller_Convert'!C:C,'Newton-Miller_Convert'!L9,'Newton-Miller_Convert'!E:E) -> 0 | D9: =SUMIF('Newton-Miller_Convert'!B:B,'Newton-Miller_Convert'!L9,'Newton-Miller_Convert'!G:G) -> 0
B10: 22 | C10: =SUMIF('Newton-Miller_Convert'!C:C,'Newton-Miller_Convert'!L10,'Newton-Miller_Convert'!E:E) -> 0.1 | D10: =SUMIF('Newton-Miller_Convert'!B:B,'Newton-Miller_Convert'!L10,'Newton-Miller_Convert'!G:G) -> 0
B11: 23 | C11: =SUMIF('Newton-Miller_Convert'!C:C,'Newton-Miller_Convert'!L11,'Newton-Miller_Convert'!E:E) -> 0.1 | D11: =SUMIF('Newton-Miller_Convert'!B:B,'Newton-Miller_Convert'!L11,'Newton-Miller_Convert'!G:G) -> 0
B12: 24 | C12: =SUMIF('Newton-Miller_Convert'!C:C,'Newton-Miller_Convert'!L12,'Newton-Miller_Convert'!E:E) -> 0 | D12: =SUMIF('Newton-Miller_Convert'!B:B,'Newton-Miller_Convert'!L12,'Newton-Miller_Convert'!G:G) -> 0
B13: 25 | C13: =SUMIF('Newton-Miller_Convert'!C:C,'Newton-Miller_Convert'!L13,'Newton-Miller_Convert'!E:E) -> 0 | D13: =SUMIF('Newton-Miller_Convert'!B:B,'Newton-Miller_Convert'!L13,'Newton-Miller_Convert'!G:G) -> 0
... B191: 3000 | C191: =SUMIF('Newton-Miller_Convert'!C:C,'Newton-Miller_Convert'!L191,'Newton-Miller_Convert'!E:E) -> 0 | D191: =SUMIF('Newton-Miller_Convert'!B:B,'Newton-Miller_Convert'!L191,'Newton-Miller_Convert'!G:G) -> 0

Sheet Cumulative Purchase Likelihood
B1: Cumulative Difference | C1: Cumulative Expensive | E1: Reverce Cumulative Expensive | F1: Reverse Cumulative Difference | G1: AVG Cumulative purchase likelihood | J1: Price | K1: AVG Cumulative purchase likelihood
A2: 10 | B2: =SUM('Total Purchase Likelihood'!C2) -> 0 | C2: ='Total Purchase Likelihood'!C2 -> 0 | E2: =MAX(C:C)-C2 -> 140.35 | F2: =MAX(B:B)-B2 -> 158.75 | G2: =SUM(E2:F2)/606 -> 0.49356436 | J2: 10 | K2: 0.49356436
A3: 13 | B3: =SUM('Total Purchase Likelihood'!D$2:'Total Purchase Likelihood'!D3) -> 0 | C3: =SUM('Total Purchase Likelihood'!C$2:C3) -> 0 | E3: =MAX(C:C)-C3 -> 140.35 | F3: =MAX(B:B)-B3 -> 158.75 | G3: =SUM(E3:F3)/606 -> 0.49356436 | J3: 13 | K3: 0.49356436
A4: 14 | B4: =SUM('Total Purchase Likelihood'!D$2:'Total Purchase Likelihood'!D4) -> 0 | C4: =SUM('Total Purchase Likelihood'!C$2:C4) -> 0 | E4: =MAX(C:C)-C4 -> 140.35 | F4: =MAX(B:B)-B4 -> 158.75 | G4: =SUM(E4:F4)/606 -> 0.49356436 | J4: 14 | K4: 0.49356436
A5: 15 | B5: =SUM('Total Purchase Likelihood'!D$2:'Total Purchase Likelihood'!D5) -> 0 | C5: =SUM('Total Purchase Likelihood'!C$2:C5) -> 0 | E5: =MAX(C:C)-C5 -> 140.35 | F5: =MAX(B:B)-B5 -> 158.75 | G5: =SUM(E5:F5)/606 -> 0.49356436 | J5: 15 | K5: 0.49356436
A6: 18 | B6: =SUM('Total Purchase Likelihood'!D$2:'Total Purchase Likelihood'!D6) -> 0 | C6: =SUM('Total Purchase Likelihood'!C$2:C6) -> 0 | E6: =MAX(C:C)-C6 -> 140.35 | F6: =MAX(B:B)-B6 -> 158.75 | G6: =SUM(E6:F6)/606 -> 0.49356436 | J6: 18 | K6: 0.49356436
A7: 19 | B7: =SUM('Total Purchase Likelihood'!D$2:'Total Purchase Likelihood'!D7) -> 0 | C7: =SUM('Total Purchase Likelihood'!C$2:C7) -> 0 | E7: =MAX(C:C)-C7 -> 140.35 | F7: =MAX(B:B)-B7 -> 158.75 | G7: =SUM(E7:F7)/606 -> 0.49356436 | J7: 19 | K7: 0.49356436
A8: 20 | B8: =SUM('Total Purchase Likelihood'!D$2:'Total Purchase Likelihood'!D8) -> 0.15 | C8: =SUM('Total Purchase Likelihood'!C$2:C8) -> 0 | E8: =MAX(C:C)-C8 -> 140.35 | F8: =MAX(B:B)-B8 -> 158.6 | G8: =SUM(E8:F8)/606 -> 0.49331683 | J8: 20 | K8: 0.49331683
A9: 21 | B9: =SUM('Total Purchase Likelihood'!D$2:'Total Purchase Likelihood'!D9) -> 0.15 | C9: =SUM('Total Purchase Likelihood'!C$2:C9) -> 0 | E9: =MAX(C:C)-C9 -> 140.35 | F9: =MAX(B:B)-B9 -> 158.6 | G9: =SUM(E9:F9)/606 -> 0.49331683 | J9: 21 | K9: 0.49331683
A10: 22 | B10: =SUM('Total Purchase Likelihood'!D$2:'Total Purchase Likelihood'!D10) -> 0.15 | C10: =SUM('Total Purchase Likelihood'!C$2:C10) -> 0.1 | E10: =MAX(C:C)-C10 -> 140.25 | F10: =MAX(B:B)-B10 -> 158.6 | G10: =SUM(E10:F10)/606 -> 0.49315182 | J10: 22 | K10: 0.49315182
A11: 23 | B11: =SUM('Total Purchase Likelihood'!D$2:'Total Purchase Likelihood'!D11) -> 0.15 | C11: =SUM('Total Purchase Likelihood'!C$2:C11) -> 0.2 | E11: =MAX(C:C)-C11 -> 140.15 | F11: =MAX(B:B)-B11 -> 158.6 | G11: =SUM(E11:F11)/606 -> 0.4929868 | J11: 23 | K11: 0.4929868
A12: 24 | B12: =SUM('Total Purchase Likelihood'!D$2:'Total Purchase Likelihood'!D12) -> 0.15 | C12: =SUM('Total Purchase Likelihood'!C$2:C12) -> 0.2 | E12: =MAX(C:C)-C12 -> 140.15 | F12: =MAX(B:B)-B12 -> 158.6 | G12: =SUM(E12:F12)/606 -> 0.4929868 | J12: 24 | K12: 0.4929868
A13: 25 | B13: =SUM('Total Purchase Likelihood'!D$2:'Total Purchase Likelihood'!D13) -> 0.15 | C13: =SUM('Total Purchase Likelihood'!C$2:C13) -> 0.2 | E13: =MAX(C:C)-C13 -> 140.15 | F13: =MAX(B:B)-B13 -> 158.6 | G13: =SUM(E13:F13)/606 -> 0.4929868 | J13: 25 | K13: 0.4929868
A14: 26 | B14: =SUM('Total Purchase Likelihood'!D$2:'Total Purchase Likelihood'!D14) -> 0.15 | C14: =SUM('Total Purchase Likelihood'!C$2:C14) -> 0.2 | E14: =MAX(C:C)-C14 -> 140.15 | F14: =MAX(B:B)-B14 -> 158.6 | G14: =SUM(E14:F14)/606 -> 0.4929868 | J14: 26 | K14: 0.4929868
... A191: 3000 | B191: =SUM('Total Purchase Likelihood'!D$2:'Total Purchase Likelihood'!D191) -> 158.75 | C191: =SUM('Total Purchase Likelihood'!C$2:C191) -> 140.35 | E191: =MAX(C:C)-C191 -> 0 | F191: =MAX(B:B)-B191 -> 0 | G191: =SUM(E191:F191)/606 -> 0 | J191: 3000 | K191: 0

Sheet Revenue
A1: Price | B1: Revenue (assuming 1000 units offered)
A2: 10 | B2: ='Cumulative Purchase Likelihood'!G2*'Cumulative Purchase Likelihood'!A2*1000 -> 4935.6436
A3: 13 | B3: ='Cumulative Purchase Likelihood'!G3*'Cumulative Purchase Likelihood'!A3*1000 -> 6416.3366
A4: 14 | B4: ='Cumulative Purchase Likelihood'!G4*'Cumulative Purchase Likelihood'!A4*1000 -> 6909.901
A5: 15 | B5: ='Cumulative Purchase Likelihood'!G5*'Cumulative Purchase Likelihood'!A5*1000 -> 7403.4653
A6: 18 | B6: ='Cumulative Purchase Likelihood'!G6*'Cumulative Purchase Likelihood'!A6*1000 -> 8884.1584
A7: 19 | B7: ='Cumulative Purchase Likelihood'!G7*'Cumulative Purchase Likelihood'!A7*1000 -> 9377.7228
A8: 20 | B8: ='Cumulative Purchase Likelihood'!G8*'Cumulative Purchase Likelihood'!A8*1000 -> 9866.3366
A9: 21 | B9: ='Cumulative Purchase Likelihood'!G9*'Cumulative Purchase Likelihood'!A9*1000 -> 10359.653
A10: 22 | B10: ='Cumulative Purchase Likelihood'!G10*'Cumulative Purchase Likelihood'!A10*1000 -> 10849.34
A11: 23 | B11: ='Cumulative Purchase Likelihood'!G11*'Cumulative Purchase Likelihood'!A11*1000 -> 11338.696
A12: 24 | B12: ='Cumulative Purchase Likelihood'!G12*'Cumulative Purchase Likelihood'!A12*1000 -> 11831.683
A13: 25 | B13: ='Cumulative Purchase Likelihood'!G13*'Cumulative Purchase Likelihood'!A13*1000 -> 12324.67
... A191: 3000 | B191: ='Cumulative Purchase Likelihood'!G191*'Cumulative Purchase Likelihood'!A191*1000 -> 0
